;Автошина AEOLUS 265/65R17 112S CROSS ACE AS02;1;3 600-00
;Автошина FEDERAL 235/75R15 М/Т COURAGIA;1;3 900-00
;Автошины HAIDA 235/40R18 HD919 Б/У (1000 км);4;3 000-00
;Автошина VREDESTEIN 225/50ZR17 98Y XL ULTRAC CENTO;2;6 300-00
ACHILLES;;;
;Автошины ACHILLES 205/55R16 91V ATR SPORT;;2 200-00
;Автошины ACHILLES 235/65R17 108Н DESERT HAWK H/T;;3 150-00
AEOLUS;;;
;Автошина AEOLUS 165/70R14 81T GREEN ACE AG02;4;1 770-00
;Автошина AEOLUS 185/55R15 82V PRECISION ACE AH01;12;2 460-00
;Автошина AEOLUS 185/70R13 86T GREEN ACE AG02;4;1 950-00
;Автошина AEOLUS 185/70R14 88H PRECISION ACE AH01;1;1 950-00
;Автошина AEOLUS 205/55R16 91V STEERING ACE AU01;2;2 600-00
;Автошина AEOLUS 215/55R16 93V STEERING ACE AU01;4;3 760-00
;Автошина AEOLUS 215/55R17 94V PRECISION ACE AH01;;3 960-00
;Автошина AEOLUS 215/60R16 95H PRECISION ACE AH01;16;2 945-00
;Автошина AEOLUS 215/65R16C 109/107T TRANS ACE AL01;4;3 860-00
;Автошина AEOLUS 225/40R18 88W STEERING ACE AU01;14;4 570-00
;Автошина AEOLUS 225/45R17 94W STEERING ACE AU01;2;3 980-00
;Автошина AEOLUS 225/60R17 99H CROSS ACE AS02;1;4 190-00
;Автошина AEOLUS 245/45R18 100Y TEERING ACE AU01;2;4 875-00
;Автошина AEOLUS 255/35R20 97W STEERING ACE AU01;4;7 205-00
BARUM;;;
;Автошина BARUM 175/70R13 82T BRILLANTIS;более 20;1 700-00
;Автошина BARUM 185/60R14 82T BRILLANTIS 2;более 20;1 770-00
BFGOODRICH;;;
;Автошина BFGOODRICH 155/65R13 73T TOURING;4;2 200-00
;Автошина BFGOODRICH 155/70R13 75T TOURING;6;1 735-00
;Автошина BFGOODRICH 175/65R14 86T XL G-GRIP ;1;2 120-00
;Автошина BFGOODRICH 175/70R13 82T TOURING;12;2 200-00
;Автошина BFGOODRICH 185/65R14 86T G-GRIP ;2;2 375-00
;Автошина BFGOODRICH 185/65R15 88T TL G-GRIP ;4;2 535-00
;Автошина BFGOODRICH 195/50R15 82H G-GRIP ;12;2 635-00
;Автошина BFGOODRICH 195/60R15 88H G-GRIP ;12;3 030-00
;Автошина BFGOODRICH 205/60R16 92H TL G-GRIP ;2;3 700-00
;Автошина BFGOODRICH 205/65R15 94H G-GRIP;4;2 885-00
;Автошина BFGOODRICH 215/75R15 ALL TERRAIN;4;6 670-00
;Автошина BFGOODRICH 225/75R16 110/107Q MUD TERRAIN;2;6 985-00
;Автошина BFGOODRICH 255/70R16 115S ALL TERRAIN;4;9 855-00
;Автошина BFGOODRICH 305/70R16 118/115Q MUD TERRAIN;1;12 570-00
;Автошина BFGOODRICH 31X10.50R15LT 109S MUD TERRAIN;8;8 035-00
;Автошина BFGOODRICH 32X11.50R15 113Q  MUD TERRAIN ;4;10 465-00
;Автошина BFGOODRICH 33X10.50R15 114Q MUD TERRAIN;4;9 580-00
;Автошина BFGOODRICH 33X12.50R15 108Q MUD TERRAIN;;10 380-00
;Автошина BFGOODRICH 35X12.50R15LT 113Q MUD TERRAIN;4;11 015-00
BRIDGESTONE;;;
;Автошина BRIDGESTONE 175/65R14 82H EP150;2;2 070-00
;Автошина BRIDGESTONE 175/70R13 082H EP150;1;1 900-00
;Автошина BRIDGESTONE 185/55R15 082V MY-02;16;3 280-00
;Автошина BRIDGESTONE 185/60R14 082H EP150;более 20;2 090-00
;Автошина BRIDGESTONE 185/60R14 082H T001;2;2 450-00
;Автошина BRIDGESTONE 185/60R15 084H EP150;4;2 400-00
;Автошина BRIDGESTONE 185/65R14 86H EP150;4;2 310-00
;Автошина BRIDGESTONE 185/65R15 088H B250;2;2 455-00
;Автошина BRIDGESTONE 185/65R15 88H EP150;;2 420-00
;Автошина BRIDGESTONE 185/65R15 88Н T001;2;2 680-00
;Автошина BRIDGESTONE 185/70R14 088H EP150;более 20;2 680-00
;Автошина BRIDGESTONE 185/80R14C V-613;4;3 500-00
;Автошина BRIDGESTONE 195/50R15 082V MY-02;более 20;2 860-00
;Автошина BRIDGESTONE 195/50R15 082V T001;более 20;3 020-00
;Автошина BRIDGESTONE 195/50R15 082W POTENZA RE002;2;3 185-00
;Автошина BRIDGESTONE 195/55R15 085V T001;4;3 920-00
;Автошина BRIDGESTONE 195/55R15 085W POTENZA RE002;более 20;3 900-00
;Автошина BRIDGESTONE 195/55R15 V MY-02;10;3 520-00
;Автошина BRIDGESTONE 195/60R15 088V MY-02;20;3 130-00
;Автошина BRIDGESTONE 195/60R15 88H EP150;8;2 810-00
;Автошина BRIDGESTONE 195/60R15 88V T001;17;3 290-00
;Автошина BRIDGESTONE 195/65R15 91H EP150;;2 820-00
;Автошина BRIDGESTONE 195/65R15 V MY 02;20;2 930-00
;Автошина BRIDGESTONE 205/55R16 091V  EP200;более 20;3 250-00
;Автошина BRIDGESTONE 205/55R16 091V MY-02;более 20;3 575-00
;Автошина BRIDGESTONE 205/55R16 091W POTENZA RE002;более 20;3 750-00
;Автошина BRIDGESTONE 205/55R16 W T001;;3 650-00
;Автошина BRIDGESTONE 205/60R15 91V T 001;4;3 450-00
;Автошина BRIDGESTONE 205/60R16 92V T001;16;3 900-00
;Автошина BRIDGESTONE 205/65R15 094H B250;14;2 835-00
;Автошина BRIDGESTONE 205/65R15 094H EP150;более 20;2 920-00
;Автошина BRIDGESTONE 205/70R15  96S DUELER A/T 697;16;3 730-00
;Автошина BRIDGESTONE 215/55R16 093W POTENZA S001;8;5 690-00
;Автошина BRIDGESTONE 215/55R16 097W T001;8;5 270-00
;Автошина BRIDGESTONE 215/55R17 094W POTENZA RE002;2;6 800-00
;Автошина BRIDGESTONE 215/60R17 096H DUELER H/P SPORT;12;6 790-00
;Автошина BRIDGESTONE 215/65R16 098H DUELER H/P SPORT;1;4 670-00
;Автошина BRIDGESTONE 215/70R16 100H EP850 ;2;4 760-00
;Автошина BRIDGESTONE 215/70R16 100S DUELER A/T 697;4;4 935-00
;Автошина BRIDGESTONE 215/75R15 100S DUELER A/T 697;4;4 640-00
;Автошина BRIDGESTONE 225/45R17  W T001;4;6 030-00
;Автошина BRIDGESTONE 225/45R17 091V EP200;10;5 510-00
;Автошина BRIDGESTONE 225/45R17 094Y POTENZA S001;4;
;Автошина BRIDGESTONE 225/50R17 098Y POTENZA S001;2;7 635-00
;Автошина BRIDGESTONE 225/50R17 94V EP200;2;6 460-00
;Автошина BRIDGESTONE 225/70R16 103H EP850;4;5 280-00
;Автошина BRIDGESTONE 235/45R17 097Y POTENZA S001;4;7 260-00
;Автошина BRIDGESTONE 235/50R18 101Y POTENZA S001;2;7 725-00
;Автошина BRIDGESTONE 235/55R18 100V DUELER H/P SPORT;4;8 675-00
;Автошина BRIDGESTONE 235/60R18 103V DUELER H/P SPORT;12;8 310-00
;Автошина BRIDGESTONE 235/70R16 106T DUELER A/T 697;4;5 790-00
;Автошина BRIDGESTONE 245/45R18 W RE050A Run Flat;4;12 270-00
;Автошина BRIDGESTONE 255/50R19 103V DUELER H/P SPORT;4;10 330-00
CONTINENTAL;;;
;Автошина CONTINENTAL 155/65R13 T ECOCONTACT EP;4;2 285-00
;Автошина CONTINENTAL 175/70R14 84T CONTIECOCONTACT 5;4;2 615-00
;Автошина CONTINENTAL 185/60R14 82H PREMIUMCONTACT 5;более 20;2 485-00
;Автошина CONTINENTAL 185/60R14 82T CONTIECOCONTACT 3;более 20;2 195-00
;Автошина CONTINENTAL 185/65R14 86T TL ContiEcoContact 3;4;2 600-00
;Автошина CONTINENTAL 185/65R15 88T PREMIUMCONTACT 5;16;2 800-00
;Автошина CONTINENTAL 195/50R15 H PREMIUMCONTACT 5;более 20;2 805-00
;Автошина CONTINENTAL 195/55R15 85H PREMIUMCONTACT 5;4;3 825-00
;Автошина CONTINENTAL 195/60R15 88H PREMIUMCONTACT 5;12;3 320-00
;Автошина CONTINENTAL 205/60R16 92H PREMIUMCONTACT 5;4;4 465-00
;Автошина CONTINENTAL 205/75R16C 110/108R VANCO 2;;5 600-00
;Автошина CONTINENTAL 215/50R17 95W TL XL FR ContiSportContact 5;4;
;Автошина CONTINENTAL 215/65R16 H PREMIUMCONTACT 5;;5 240-00
;Автошина CONTINENTAL 225/50R17 98H TL XL FR ContiPremiumContact 2;;
;Автошина CONTINENTAL 265/65R17 112T TL CROSSCONTACT AT;4;10 065-00
;Автошина CONTINENTAL 305/40R22 114W TL XL CROSSCONTACT UHP;4;17 600-00
DMACK;;;
;Автошина DMACK 185R14C ECOXTRA;10;2 550-00
;Автошина DMACK 205/55R16 91V DISTANCE;6;2 730-00
;Автошина DMACK 215/60R16 95H DISTANCE;2;2 860-00
DUNLOP;;;
;Автошина DUNLOP 165/70R12 77T ECO EC201;2;2 520-00
;Автошина DUNLOP 175/70R13 SP SPORT LM703 82H;;1 755-00
;Автошина DUNLOP 185/55R15 82H TOURING-T1;2;2 455-00
;Автошина DUNLOP 185/60R14 82H SP SPORT LM703 82H;;1 930-00
;Автошина DUNLOP 185/60R14 82Н SP SPORT LM704 ;1;1 835-00
;Автошина DUNLOP 185/65R14 86T TOURING-T1;1;2 035-00
;Автошина DUNLOP 185/65R15 88H SP SPORT LM704;3;2 320-00
;Автошина DUNLOP 185/70R14 88T ECO EC201;16;2 290-00
;Автошина DUNLOP 185/70R14 88T TOURING-T1;14;2 220-00
;Автошина DUNLOP 195/50R15 82V DIREZZA DZ102;более 20;2 465-00
;Автошина DUNLOP 195/50R15 SP SPORT LM704;более 20;2 300-00
;Автошина DUNLOP 195/55R15 85H TOURING-T1;более 20;2 965-00
;Автошина DUNLOP 195/65R15 91H SP SPORT LM703;;2 465-00
;Автошина DUNLOP 195/65R15 91V SP SPORT LM704;6;2 460-00
;Автошина DUNLOP 205/45R16 87W SP SPORT MAXX TT ;4;5 115-00
;Автошина DUNLOP 205/55R16 91V DIREZZA DZ102;более 20;3 095-00
;Автошина DUNLOP 205/55R16 94Y SP MAXX TT ;4;3 380-00
;Автошина DUNLOP 205/60R16 92H SP SPORT LM704;4;3 095-00
;Автошина DUNLOP 205/65R15 94T TOURING-T1 ;2;2 405-00
;Автошина DUNLOP 225/45R17 90W SP SPORT MAXX  ;1;5 535-00
;Автошина DUNLOP 225/45R17 94W SPORT LM704;4;5 015-00
;Автошина DUNLOP 225/45R17 94Y SPORT MAXX  ;1;5 330-00
;Автошина DUNLOP 225/45ZR17 91W SP SPORT MAXX TT ;6;5 770-00
;Автошина DUNLOP 225/55R17 97W SPORT MAXX TT ;2;6 365-00
;Автошина DUNLOP 225/65R17 102H GRANDTREK AT3;2;4 745-00
;Автошина DUNLOP 245/45ZR19 SP SPORT MAXX TT 98Y;;
;Автошина DUNLOP 245/50ZR18 SP SPORT MAXX TT 100Y;4;8 425-00
;Автошина DUNLOP 275/65R17  115H GRANDTREK AT3;;5 490-00
;Автошина DUNLOP 275/70R16 GRANDTREK AT3;12;5 275-00
FALKEN;;;
;Автошина FALKEN FAS 255/50R20 W AZENIS FK453CC;2;6 500-00
;Автошина FALKEN FAS 275/40R20 Y AZENIS FK453CC;более 20;7 150-00
FEDERAL;;;
;Автошина FEDERAL 205/50R16 W 595 RS-R;2;3 500-00
;Автошина FEDERAL 225/40R18 W SS595 ;1;4 100-00
GT RADIAL;;;
;Автошины GT RADIAL 155/65R13 73T CHAMPIRO ECO;20;1 720-00
;Автошины GT RADIAL 175/65R14 86T CHAMPIRO ECO;более 20;1 700-00
;Автошины GT RADIAL 175/70R13 82T CHAMPIRO VP1;1;
;Автошины GT RADIAL 185/55R15 82V CHAMPIRO BAX2;4;2 645-00
;Автошины GT RADIAL 185/60R14 82H CHAMPIRO ECO;более 20;1 780-00
;Автошины GT RADIAL 185/65R15 88H CHAMPIRO 228;1;
;Автошины GT RADIAL 185/65R15 88H CHAMPIRO ECO;более 20;2 035-00
;Автошины GT RADIAL 185/70R14 88Н CHAMPIRO ЕСО;10;2 140-00
;Автошины GT RADIAL 185R14C 102/100R MAXMILER CX;1;2 940-00
;Автошины GT RADIAL 195/60R15 88H CHAMPIRO ECO;1;2 340-00
;Автошины GT RADIAL 195/60R15 88V CHAMPIRO BAX2;1;
;Автошины GT RADIAL 195/65R15 91H CHAMPIRO ECO;18;2 250-00
;Автошины GT RADIAL 195/75R16C 107/105R MAXMILER EX;4;3 840-00
;Автошины GT RADIAL 205/50R17 93W CHAMPIRO HPY;6;3 960-00
;Автошины GT RADIAL 205/55R16 91V CHAMPIRO BAX2;1;
;Автошины GT RADIAL 205/65R15 94H CHAMPIRO ECO;12;2 300-00
;Автошины GT RADIAL 205/65R15C 102/100T MAXMILER EX;18;3 290-00
;Автошины GT RADIAL 205/70R15 96Т CHAMPIRO ECO;12;3 170-00
;Автошины GT RADIAL 205/70R15C 106/104R MAXMILER EX;4;3 660-00
;Автошины GT RADIAL 215/45R17 91Y CHAMPIRO HPY;4;4 365-00
;Автошины GT RADIAL 215/55R17 94W CHAMPIRO HPY;2;4 365-00
;Автошины GT RADIAL 215/60R16 95H CHAMPIRO ЕСО;2;
;Автошины GT RADIAL 215/60R17 100V CHAMPIRO HPY;4;5 185-00
;Автошины GT RADIAL 215/65R16C 106/104R MAXMILER EX;14;3 960-00
;Автошины GT RADIAL 215/65R17 99H CHAMPIRO 228;2;
;Автошины GT RADIAL 215/70R15C 109/107S MAXMILER EX;4;4 150-00
;Автошины GT RADIAL 225/40R18 92Y CHAMPIRO HPY;2;5 380-00
;Автошины GT RADIAL 225/45R17 94Y CHAMPIRO HPY;4;4 470-00
;Автошины GT RADIAL 225/45R18 91Y CHAMPIRO HPY;;5 585-00
;Автошины GT RADIAL 225/50R17 98Y CHAMPIRO HPY;8;4 875-00
;Автошины GT RADIAL 225/65R16C 112/110T MAXMILER EX;6;4 570-00
;Автошины GT RADIAL 235/35R19 91Y CHAMPIRO HPY;4;7 310-00
;Автошины GT RADIAL 235/40R18 95Y CHAMPIRO HPY;8;5 665-00
;Автошины GT RADIAL 235/45R17 97Y CHAMPIRO HPY;4;4 490-00
;Автошины GT RADIAL 235/65R16C 115/113R MAXMILER EX;более 20;5 280-00
;Автошины GT RADIAL 235/70R16 106H SAVERO HP;4;4 065-00
;Автошины GT RADIAL 245/40R17 95Y CHAMPIRO HPY;2;5 485-00
;Автошины GT RADIAL 245/40R18 97Y CHAMPIRO HPY;;6 095-00
;Автошины GT RADIAL 255/35R18 94Y CHAMPIRO HPY;2;6 500-00
;Автошины GT RADIAL 255/35R19 96Y CHAMPIRO HPY;4;7 340-00
;Автошины GT RADIAL 255/40R19 96Y CHAMPIRO HPY;8;7 310-00
;Автошины GT RADIAL 255/45R18 103Y CHAMPIRO HPY;4;6 985-00
;Автошины GT RADIAL 265/65R17 112T SAVERO HT PLUS;;5 080-00
;Автошины GT RADIAL 31x10.5R15 109Q ADVENTURO M/T;4;6 145-00
HANKOOK;;;
;Автошина HANKOOK 145/70R12 69T OPTIMO K715;4;2 340-00
;Автошина HANKOOK 145R12 RADIAL 81/79R RA08;4;2 895-00
;Автошина HANKOOK 155/65R13 Т OPTIMO К715;;
;Автошина HANKOOK 155R13C 90/88R RADIAL RA18 ;8;3 465-00
;Автошина HANKOOK 175/65R14 82Н KINERGY eco К425;;
;Автошина HANKOOK 175/65R14 82Н OPTIMO МЕ02 К424;2;1 810-00
;Автошина HANKOOK 175/65R14 82Т  OPTIMO К715;20;1 855-00
;Автошина HANKOOK 175/70R13 82Н OPTIMO МЕ02 К424;более 20;1 820-00
;Автошина HANKOOK 175/70R13 82Т OPTIMO К715;более 20;1 820-00
;Автошина HANKOOK 175/70R14 84T OPTIMO К715;8;1 910-00
;Автошина HANKOOK 185/60R14 82Н KINERGY eco К425;;
;Автошина HANKOOK 185/65R14 86H OPTIMO МЕ02 К424;18;2 075-00
;Автошина HANKOOK 185/70R14 88H OPTIMO МЕ02 К424;14;2 285-00
;Автошина HANKOOK 185/70R14 88T KINERGY eco К425;;
;Автошина HANKOOK 185/70R14 88T OPTIMO K715;20;2 235-00
;Автошина HANKOOK 185R14С 102/100Q RA10;1;
;Автошина HANKOOK 195/50R15 82H OPTIMO К107;5;2 375-00
;Автошина HANKOOK 195/50R15 82V K120;20;2 930-00
;Автошина HANKOOK 195/60R15 88H KINERGY eco К425;1;2 690-00
;Автошина HANKOOK 195/65R15 91Н KINERGY К425;более 20;2 475-00
;Автошина HANKOOK 195/65R15 OPTIMO К715;14;2 430-00
;Автошина HANKOOK 205/55R16 91V VENTUS PRIME 2 K115;;2 920-00
;Автошина HANKOOK 205/55R16 91W VENTUS PRIME 2 K115 RUN FLAT;;4 070-00
;Автошина HANKOOK 205/55R16 Н KINERGY eco К425;;2 795-00
;Автошина HANKOOK 205/65R15 94H OPTIMO ME02 К424;1;2 350-00
;Автошина HANKOOK 215/45R17 87H VENTUS PRIME 2 К115;4;4 870-00
;Автошина HANKOOK 215/55R16 93V VENTUS PRIME 2 K115;9;4 180-00
;Автошина HANKOOK 215/60R16 K114;1;3 280-00
;Автошина HANKOOK 215/60R17 H DUNAPRO RA23;4;5 570-00
;Автошина HANKOOK 215/65R16 102T DUNAPRO RA23 XL;2;3 855-00
;Автошина HANKOOK 215/65R16 98H DUNAPRO RA23;2;3 855-00
;Автошина HANKOOK 215/70R16 100H DUNAPRO RA33;18;4 235-00
;Автошина HANKOOK 225/45R17 94W  К115;20;4 790-00
;Автошина HANKOOK 225/45R17 94Y K120;8;4 900-00
;Автошина HANKOOK 235/45R18 94V К115;8;6 870-00
;Автошина HANKOOK 235/55R19 101H VENTUS PRIME 2 K115;4;8 035-00
;Автошина HANKOOK 235/70R16 106H DUNAPRO RA33 ;4;5 380-00
;Автошина HANKOOK 245/40R17 95Y K117 ;4;6 325-00
;Автошина HANKOOK 245/40R18 97W Z222 ;8;7 195-00
;Автошина HANKOOK 245/45R18 100W K114 ;4;6 550-00
;Автошина HANKOOK 245/45R18 100Y K117  ;4;7 140-00
;Автошина HANKOOK 245/45R18 Y К120;10;6 930-00
;Автошина HANKOOK 245/75R16 120/116Q DUNAPRO RТ03 ;4;7 060-00
;Автошина HANKOOK 255/55R19 111V DUNAPRO RA33 ;;8 085-00
;Автошина HANKOOK 265/65R18 112T RF-10;;7 950-00
;Автошина HANKOOK 275/40R20 106Y OPTIMO К117A;12;9 450-00
;Автошина HANKOOK 275/55R19 111V OPTIMO К117A;4;11 120-00
IMPERIAL;;;
;Автошина IMPERIAL 155/70R13 75T ECODRIVER 2 RADIAL 109 ;1;1 200-00
;Автошина IMPERIAL 185/55R15 82H ECODRIVER 3 RADIAL F109  ;4;2 100-00
KUMHO;;;
;Автошина KUMHO 155/65R13 73 T KH15;6;1 725-00
;Автошина KUMHO 175/65R14 82H KR26;18;1 830-00
;Автошина KUMHO 175/65R15 84T KH27;4;2 125-00
;Автошина KUMHO 175/70R13 82H KR26;12;1 725-00
;Автошина KUMHO 175/70R13 82T KR21;2;1 690-00
;Автошина KUMHO 175R13C 94/92R 857;4;3 600-00
;Автошина KUMHO 185/65R14 86H KR26;2;2 045-00
;Автошина KUMHO 195/45R16 80V HS51;2;3 210-00
;Автошина KUMHO 195/50R15 82H KH27;20;2 415-00
;Автошина KUMHO 195/50R15 82V HS51;более 20;2 400-00
;Автошина KUMHO 195/65R15 91H KH17;18;2 455-00
;Автошина KUMHO 195/65R15 91H KR26;более 20;2 455-00
;Автошина KUMHO 205/55R16 91H KR26;;2 935-00
;Автошина KUMHO 205/60R16 92V KH18;4;2 910-00
;Автошина KUMHO 205/80R16 104 Q KL71;4;5 535-00
;Автошина KUMHO 215/75R15 100 S KL78;12;4 025-00
;Автошина KUMHO 32X11.5R15 113 Q KL71;2;7 600-00
MARSHAL;;;
;Автошина MARSHAL 195/60R15 88H KH35;2;
;Автошина MARSHAL 195/65R15 91T KR11;4;
;Автошина MARSHAL 215/60R16 95V MU11 MATRAC FX;;3 455-00
;Автошина MARSHAL 225/45R17 91W MU11 MATRAC FX;14;4 825-00
;Автошина MARSHAL 225/45R17 97Y MU19;12;4 825-00
;Автошина MARSHAL 225/50R17 98W MU11 Matrac FX;8;5 100-00
;Автошина MARSHAL 235/45R17 94W MU11 MATRAC FX;4;4 755-00
;Автошина MARSHAL 235/75R15 104/101Q KL71;2;
;Автошина MARSHAL 245/40R17 91W MU11 MATRAC FX;6;5 885-00
;Автошина MARSHAL 245/45R18 100W MU11 MATRAC FX;4;6 075-00
;Автошина MARSHAL 33*12.5R15 108Q KL71;;7 650-00
MATADOR;;;
;Автошина MATADOR 155/65R14 T MP16 STELLA 2;8;1 665-00
;Автошина MATADOR 155/80R13 T MP16 STELLA 2;4;1 390-00
;Автошина MATADOR 165/70R13 T MP16 STELLA 2;более 20;1 490-00
;Автошина MATADOR 165/70R14 T MP16 STELLA 2;более 20;1 685-00
;Автошина MATADOR 175/70R13 T MP16 STELLA 2;4;1 445-00
;Автошина MATADOR 185/60R14 T MP16 STELLA 2;более 20;1 610-00
;Автошина MATADOR 185/65R14 T MP16 STELLA 2;2;1 720-00
;Автошина MATADOR 185/75R16C R MPS330 MAXILLA 2;более 20;2 615-00
;Автошина MATADOR 185R14C R MPS125 VARIANT ALL WEATHER;2;2 725-00
;Автошина MATADOR 195/50R15 H MP44 ELITE 3;;2 010-00
;Автошина MATADOR 195/60R14 H MP16 STELLA 2;20;2 385-00
;Автошина MATADOR 195/60R15 H MP44 ELITE 3;более 20;2 280-00
;Автошина MATADOR 195/65R14 H MP16 STELLA 2;более 20;3 075-00
;Автошина MATADOR 195/65R15 H MP44 ELITE 3;более 20;1 925-00
;Автошина MATADOR 195/70R15C R MPS125 VARIANT ALL WEATHER;2;2 960-00
;Автошина MATADOR 195R14C R MPS330 MAXILLA 2;более 20;3 000-00
;Автошина MATADOR 205/60R16 H MP44 ELITE 3;более 20;2 660-00
;Автошина MATADOR 205/65R15 H MP44 ELITE 3;8;2 375-00
;Автошина MATADOR 205/65R15C T MPS125 VARIANT ALL WEATHER;8;3 610-00
;Автошина MATADOR 205/70R15C R MPS125 VARIANT ALL WEATHER;16;3 210-00
;Автошина MATADOR 205/75R16C R MPS125 VARIANT ALL WEATHER;4;3 575-00
;Автошина MATADOR 215/60R16 H MP44 ELITE 3;более 20;3 715-00
MAXXIS;;;
;Автошина MAXXIS 245/50R18 104W PRO-R1 VICTRA;4;6 720-00
;Автошина MAXXIS 35х12,5 R15 113Q M-8060 6PR OWL;4;9 895-00
MICHELIN;;;
;Автошина MICHELIN 155/70R13 75T ENERGY E3B ;1;1 470-00
;Автошина MICHELIN 175/70R14 84T ENERGY XM2;4;2 955-00
;Автошина MICHELIN 185/60R14 82H ENERGY XM2;более 20;2 400-00
;Автошина MICHELIN 195/50R15 82Т ENERGY SAVER +;2;3 255-00
;Автошина MICHELIN 195/60R15 88H ENERGY XM2;2;3 430-00
;Автошина MICHELIN 195/65R15 91H ENERGY XM2;более 20;2 950-00
;Автошина MICHELIN 205/50R16 87V PILOT SPORT3;6;6 050-00
;Автошина MICHELIN 205/50R17 93V ХL PRIMACY 3;4;6 285-00
;Автошина MICHELIN 205/55R16 91V PRIMACY 3;17;3 590-00
;Автошина MICHELIN 205/60R16 96W PRIMACY 3;1;5 170-00
;Автошина MICHELIN 215/50R17 95W PRIMACY 3;2;7 940-00
;Автошина MICHELIN 215/55R18 99V PRIMACY3;4;8 895-00
;АвтошинаMICHELIN 255/55R18 109Y LATITUDE SPORT3 ;4;9 095-00
;Автошина MICHELIN 275/40R20 LATITUDE SPORT 3;4;17 580-00
;Автошина MICHELIN 285/35ZR21 105Y PILOT SUPER SPORT;2;21 650-00
;Автошина MICHELIN 325/30ZR21 108Y PILOT SUPER SPORT ;2;22 650-00
;Автошина MICHELIN 7.50R16C 112S LATITUDE CROSS;4;8 820-00
NEXEN;;;
;Автошина NEXEN 165/70R14C R CP321;4;2 635-00
;Автошина NEXEN 185/60R14 H NBLUE HD;более 20;1 795-00
;Автошина NEXEN 185/60R15 H NBLUE HD;2;2 035-00
;Автошина NEXEN 185/65R14 H NBLUE HD;более 20;1 910-00
;Автошина NEXEN 185/65R15 H NBLUE HD;6;2 020-00
;Автошина NEXEN 195/50R15 V NBLUE HD;более 20;2 345-00
;Автошина NEXEN 195/55R15 V NBLUE HD;;2 775-00
;Автошина NEXEN 195/60R15 H NBLUE HD;2;2 395-00
;Автошина NEXEN 215/45R17 H CP643@;4;4 260-00
;Автошина NEXEN 215/60R16 H NBLUE HD;2;3 295-00
;Автошина NEXEN 245/60R18 V NFERA RU5;;
;Автошина NEXEN 255/35R18 Y NFERA SU1 ;2;7 820-00
NOKIAN;;;
;Автошина NOKIAN 155/70R13 75T NORDMAN SX;более 20;1 488-00
;Автошина NOKIAN 165/70R13 79T NORDMAN SX;19;1 615-00
;Автошина NOKIAN 175/65R14 82T HAKKA GREEN;14;1 985-00
;Автошина NOKIAN 175/65R14 82T NORDMAN SX;более 20;1 730-00
;Автошина NOKIAN 175/70R13 82T HAKKA GREEN;более 20;1 865-00
;Автошина NOKIAN 175/70R13 82T NORDMAN SX;более 20;1 655-00
;Автошина NOKIAN 175/70R14 84T NORDMAN SX;более 20;1 830-00
;Автошина NOKIAN 185/60R14 82H NORDMAN SX;более 20;1 855-00
;Автошина NOKIAN 185/60R14 82Т HAKKA GREEN;более 20;2 075-00
;Автошина NOKIAN 185/65R14 86H HAKKA GREEN;более 20;2 270-00
;Автошина NOKIAN 185/65R14 86H NORDMAN SX;более 20;1 900-00
;Автошина NOKIAN 185/65R15 88H NORDMAN SX;более 20;2 125-00
;Автошина NOKIAN 185/65R15 92H HAKKA GREEN XL;более 20;2 520-00
;Автошина NOKIAN 185/70R14 88T HAKKA GREEN;более 20;2 485-00
;Автошина NOKIAN 185/70R14 88T NORDMAN SX;1;1 953-00
;Автошина NOKIAN 185/75R16C 104/102S HAKKA C2;20;3 875-00
;Автошина NOKIAN 185R14C 102/100S HAKKA C VAN;2;3 105-00
;Автошина NOKIAN 195/50R15 86V HAKKA BLUE XL;более 20;2 400-00
;Автошина NOKIAN 195/55R15 89H HAKKA GREEN XL;8;3 548-00
;Автошина NOKIAN 195/55R15 89H NORDMAN SX XL;15;3 095-00
;Автошина NOKIAN 195/60R15 88H HAKKA GREEN;7;2 890-00
;Автошина NOKIAN 195/60R15 88H NORDMAN SX;более 20;2 665-00
;Автошина NOKIAN 195/65R15 91H NORDMAN SX;более 20;2 350-00
;Автошина NOKIAN 195/65R15 95T HAKKA GREEN XL;более 20;2 680-00
;Автошина NOKIAN 195/65R15 95V HAKKA BLUE XL;2;2 738-00
;Автошина NOKIAN 205/50R17 93V HAKKA BLUE XL;6;5 220-00
;Автошина NOKIAN 205/55R16 94H HAKKA GREEN XL;более 20;3 099-00
;Автошина NOKIAN 205/55R16 94V HAKKA BLUE XL;8;3 415-00
;Автошина NOKIAN 205/60R15 91H HAKKA GREEN;4;3 365-00
;Автошина NOKIAN 205/60R15 91H NORDMAN SX;более 20;2 805-00
;Автошина NOKIAN 205/65R15 94H NORDMAN SX;2;2 484-00
;Автошина NOKIAN 205/65R15 99H HAKKA GREEN XL;10;3 112-00
;Автошина NOKIAN 205/70R15 96T HAKKA GREEN;18;3 420-00
;Автошина NOKIAN 205/70R15C 106/104R HAKKA C2;4;3 960-00
;Автошина NOKIAN 215/55R16 97H HAKKA GREEN XL;9;4 648-00
;Автошина NOKIAN 215/55R18 V HAKKA BLUE SUV XL;4;7 200-00
;Автошина NOKIAN 215/60R16 99H HAKKA GREEN XL;5;4 645-00
;Автошина NOKIAN 215/60R16 99H NORDMAN SX XL;4;3 873-00
;Автошина NOKIAN 215/60R17 100H HAKKA SUV XL;4;5 999-00
;Автошина NOKIAN 215/65R16 102V HAKKA BLUE SUV XL;8;4 595-00
;Автошина NOKIAN 215/65R16 102V NORDMAN SX;4;4 012-00
;Автошина NOKIAN 225/45R17 94V NORDMAN SX XL;8;4 636-00
;Автошина NOKIAN 225/50R17 98W HAKKA BLUE XL;4;6 210-00
;Автошина NOKIAN 225/60R17 V HAKKA BLUE SUV XL;4;7 400-00
;Автошина NOKIAN 225/60R18 104H HAKKA BLUE SUV XL;4;6 855-00
;Автошина NOKIAN 225/65R17 106H HAKKA SUV XL;более 20;5 610-00
;Автошина NOKIAN 225/70R16 103H HAKKA BLUE SUV ;4;5 080-00
;Автошина NOKIAN 225/75R16C 112/120R HAKKA C2;4;6 190-00
;Автошина NOKIAN 235/50R18 101Y HAKKA BLACK XL;4;8 585-00
;Автошина NOKIAN 235/55R18 104W HAKKA Z SUV XL;5;8 160-00
;Автошина NOKIAN 235/75R15 109T ROTIIVA AT XL;4;4 929-00
;Автошина NOKIAN 245/40R17 95Y HAKKA BLACK XL;;6 970-00
;Автошина NOKIAN 245/50R20 106W HAKKA Z SUV XL;2;12 140-00
;Автошина NOKIAN 245/75R16 111S ROTIIVA AT;8;6 285-00
;Автошина NOKIAN 245/75R16 LT 120/116S ROTIIVA AT;4;6 615-00
;Автошина NOKIAN 255/45R18 103Y HAKKA BLACK XL;4;8 760-00
;Автошина NOKIAN 255/50R19 107W HAKKA BLACK SUV XL;4;10 175-00
;Автошина NOKIAN 255/55R19 107V HAKKA BLACK SUV XL;9;9 490-00
;Автошина NOKIAN 265/60R18 110H HAKKA SUV;;7 926-00
;Автошина NOKIAN 265/70R16 112T HAKKA SUV;4;5 245-00
;Автошина NOKIAN 265/75R16 LT 123/120S ROTIIVA AT PLUS;4;7 300-00
;Автошина NOKIAN 31x10,5/R15 LT 109S ROTIIVA AT;4;5 775-00
PIRELLI;;;
;Автошина PIRELLI 205/55R16 91 V CINTURATO P7;1;
;Автошина PIRELLI 225/65R17 102 H SCORPION VERDE;4;4 800-00
ROADSTONE;;;
;Автошины ROADSTONE 175/65R14 82H CP672;1;1 645-00
;Автошины ROADSTONE 185/60R14 82H CP672;более 20;1 630-00
;Автошины ROADSTONE 185/65R14 86H CP672;более 20;1 775-00
;Автошины ROADSTONE 185/65R15 88H CP672;;1 820-00
;Автошины ROADSTONE 185/70R14 88T CP661;2;1 945-00
;Автошины ROADSTONE 195/55R15 85V CP672;более 20;2 675-00
;Автошины ROADSTONE 195/60R15 88H CP672;4;2 270-00
;Автошины ROADSTONE 205/45R16 87W N9000;2;3 775-00
;Автошины ROADSTONE 225/50R17 98W N8000;2;4 905-00
;Автошины ROADSTONE 245/65R17 105S ROADIAN AT II;4;5 015-00
;Автошины ROADSTONE 265/65R17 110S ROADIAN HT SUV;4;4 945-00
TIGAR;;;
;Автошина TIGAR 175/65R14 82H TL SIGURA TG;4;1 750-00
;Автошина TIGAR 175/65R14C 90/88R CARGO SPEED;4;2 650-00
;Автошина TIGAR 175/70R13 82T SIGURA;более 20;1 590-00
;Автошина TIGAR 185/60R14 82H SIGURA ;более 20;1 890-00
;Автошина TIGAR 185/60R15 84H SIGURA;6;2 175-00
;Автошина TIGAR 185/65R14 86H SIGURA;более 20;1 910-00
;Автошина TIGAR 185/65R15 88H SIGURA;более 20;2 100-00
;Автошина TIGAR 185/75R16C 104/102R  CARGO SPEED;4;3 200-00
;Автошина TIGAR 185R14C 102/100R CARGO SPEED;16;2 950-00
;Автошина TIGAR 185R15C 103/102R TL CARGO SPEED  TG;16;3 250-00
;Автошина TIGAR 195/50R15 82H PRIMA;более 20;2 200-00
;Автошина TIGAR 195/60R14 86H SIGURA;4;2 100-00
;Автошина TIGAR 195/60R15 88H PRIMA;6;2 300-00
;Автошина TIGAR 195/65R15 91V PRIMA;более 20;2 320-00
;Автошина TIGAR 195/75R16C 107/105R CARGO SPEED;12;3 735-00
;Автошина TIGAR 195R14C 106/104R CARGO SPEED;14;3 230-00
;Автошина TIGAR 205/50R15 86V PRIMA;4;2 700-00
;Автошина TIGAR 205/50R17 93W SYNERIS TG;4;3 205-00
;Автошина TIGAR 205/55R16 94V XL SYNERIS TG;более 20;2 760-00
;Автошина TIGAR 205/60R15 91H PRIMA;более 20;2 550-00
;Автошина TIGAR 205/60R16 96V XL SYNERIS ;2;3 250-00
;Автошина TIGAR 205/65R15 94H PRIMA;20;2 580-00
;Автошина TIGAR 205/75R16C 110/108R CARGO SPEED  ;12;3 670-00
;Автошина TIGAR 215/55R16 93V SYNERIS TG;10;3 230-00
;Автошина TIGAR 215/55R17 98W SYNERIS TG;3;3 400-00
;Автошина TIGAR 215/65R16C 109/107R CARGO SPEED;4;3 995-00
;Автошина TIGAR 225/45R17 94Y SYNERIS;2;3 140-00
;Автошина TIGAR 225/70R15C 112/110R CARGO SPEED;2;3 665-00
;Автошина TIGAR 235/45R17 94W SYNERIS TG;4;3 400-00
;Автошина TIGAR 235/45R18 98W XL SYNERIS TG;1;4 200-00
;Автошина TIGAR 235/65R16C 115/113R  CARGO SPEED;2;4 325-00
;Автошина TIGAR 245/40R17 95W SYNERIS TG;2;3 900-00
TOYO;;;
;Автошина TOYO 155/65R14 75Т NE03;4;1 950-00
;Автошина TOYO 155/70R13 Т NE03;2;1 855-00
;Автошина TOYO 175/70R13  82Т 350;;1 615-00
;Автошина TOYO 175/70R14 88Т NE03;;1 900-00
;Автошина TOYO 185/55R15 82H PXCF2;4;2 870-00
;Автошина TOYO 185/60R13 80H PXCF2;более 20;2 220-00
;Автошина TOYO 185/65R14 86H PXCF2;2;2 155-00
;Автошина TOYO 185/65R15 T NE03;18;2 155-00
;Автошина TOYO 195/55R15 85V PXT1R;16;3 500-00
;Автошина TOYO TOYO 195/55R15 H PXCF2;4;3 305-00
;Автошина TOYO 195/65R14 89Т NE03;1;2 405-00
;Автошина TOYO 195/65R15 91H PXCF2;;2 710-00
;Автошина TOYO 195/65R15 T NE03;более 20;2 375-00
;Автошина TOYO 205/50R17 W PXCF1;4;5 100-00
;Автошина TOYO 205/55R16 90W PXR888;8;5 300-00
;Автошина TOYO 205/70R15 H OPHT;8;3 585-00
;Автошина TOYO 205R14C 109S TYH08;4;3 670-00
;Автошина TOYO 215/60R16С 103/101T TYH08  ;4;4 740-00
;Автошина TOYO 215/75R15 100S OPAT ;12;3 865-00
;Автошина TOYO 225/55R17 101W PXC1S ;1;5 675-00
;Автошина TOYO 225/55R17 V PXCF2 ;;7 250-00
;Автошина TOYO 225/65R17 H OPHT   ;более 20;4 915-00
;Автошина TOYO 225/70R16 S OPAT;3;4 435-00
;Автошина TOYO 235/60R18 107V OPHT RF  ;4;7 375-00
;Автошина TOYO 255/55R19 V ОРНТ;;8 105-00
;Автошина TOYO 275/45R20 110Y PXTSS;2;11 010-00
YOKOHAMA;;;
;Автошина YOKOHAMA 155/65R13 73T AA01;более 20;1 655-00
;Автошина YOKOHAMA 155/65R13 73T AЕ01;10;1 690-00
;Автошина YOKOHAMA 155/70R13 75T AA01;;1 525-00
;Автошина YOKOHAMA 155/70R13 75T AЕ01;более 20;1 555-00
;Автошина YOKOHAMA 165/70R13 79T AA01;6;1 575-00
;Автошина YOKOHAMA 165/70R13 79T AE01;14;1 600-00
;Автошина YOKOHAMA 175/65R14 82T AA01;;1 600-00
;Автошина YOKOHAMA 175/65R14 82T AЕ01;более 20;1 635-00
;Автошина YOKOHAMA 175/70R13 82T AA01;более 20;1 585-00
;Автошина YOKOHAMA 175/70R13 82T AЕ01;более 20;1 620-00
;Автошина YOKOHAMA 175/70R14 84H AA01;10;
;Автошина YOKOHAMA 175/70R14 84T AA01;6;1 740-00
;Автошина YOKOHAMA 175/70R14 84T AE01;более 20;1 780-00
;Автошина YOKOHAMA 185/60R13 80H A539;4;2 050-00
;Автошина YOKOHAMA 185/60R14 82H AC02;более 20;1 950-00
;Автошина YOKOHAMA 185/60R14 82T AA01;более 20;1 690-00
;Автошина YOKOHAMA 185/60R14 82Т AЕ01;более 20;1 705-00
;Автошина YOKOHAMA 185/60R15 88H AC02;;2 090-00
;Автошина YOKOHAMA 185/65R14 86T AA01;;1 845-00
;Автошина YOKOHAMA 185/65R14 86T AЕ01;более 20;1 900-00
;Автошина YOKOHAMA 185/65R15 88H AC02;;2 215-00
;Автошина YOKOHAMA 185/65R15 88T AA01;12;1 945-00
;Автошина YOKOHAMA 185/65R15 88T AЕ01;более 20;1 985-00
;Автошина YOKOHAMA 185/70R13 86T AЕ01;4;1 805-00
;Автошина YOKOHAMA 185/70R14 88T AA01;более 20;2 115-00
;Автошина YOKOHAMA 185/70R14 88T AЕ01;более 20;2 160-00
;Автошина YOKOHAMA 195/50R15 82H AC02;20;2 270-00
;Автошина YOKOHAMA 195/50R15 82T AЕ01;4;2 070-00
;Автошина YOKOHAMA 195/50R15 82V PA01;1;3 305-00
;Автошина YOKOHAMA 195/55R15 85H AЕ01;;2 855-00
;Автошина YOKOHAMA 195/55R15 85V AC02;8;
;Автошина YOKOHAMA 195/60R15 88H AA01;;2 295-00
;Автошина YOKOHAMA 195/60R15 88H AC02;;2 590-00
;Автошина YOKOHAMA 195/60R15 88Н AЕ01;10;2 340-00
;Автошина YOKOHAMA 195/65R14 89T AA01;6;2 215-00
;Автошина YOKOHAMA 195/65R15 91T AA01;;2 145-00
;Автошина YOKOHAMA 195/65R15 91Т AЕ01;2;2 185-00
;Автошина YOKOHAMA 195/65R15 95H AC02;более 20;2 420-00
;Автошина YOKOHAMA 195/70R15 97T AA01;-4;
;Автошина YOKOHAMA 195/80R15 96S G012;2;3 490-00
;Автошина YOKOHAMA 205/55R16 91H AЕ01;5;2 675-00
;Автошина YOKOHAMA 205/55R16 91V EF10;2;3 130-00
;Автошина YOKOHAMA 205/55R16 91Н AC02;более 20;2 915-00
;Автошина YOKOHAMA 205/60R15 91H AA01;8;2 540-00
;Автошина YOKOHAMA 205/65R15 94H AЕ01;8;2 320-00
;Автошина YOKOHAMA 205/65R15 99H AC02;11;2 715-00
;Автошина YOKOHAMA 205/70R15 96H G055;4;3 125-00
;Автошина YOKOHAMA 205/70R15 96S G012;8;3 165-00
;Автошина YOKOHAMA 215/60R16 99V AC02;;3 555-00
;Автошина YOKOHAMA 225/60R17 99H G055;8;5 480-00
;Автошина YOKOHAMA 225/70R15 100H G055;4;3 690-00
;Автошина YOKOHAMA 235/65R17 108V G055;8;5 090-00
;Автошина YOKOHAMA 235/70R16 106H G055;4;4 495-00
Газель Китай;;;
;Автошина GOODRIDE 185/75R16С 104/102 SL309;более 20;3 000-00
Автошины отечественные;;;
AMTEL;;;
;Автошина AMTEL 165/70R13 NV-111 PLANET;2;1 120-00
CORDIANT;;;
;Автошина CORDIANT 175/70R13 82H SPORT 2 ;более 20;1 470-00
;Автошина CORDIANT 175/70R13 SPORT;;1 395-00
;Автошина CORDIANT 185/60R14 92H COMFORT;;1 760-00
;Автошина CORDIANT 185/60R14 SPORT 2;1;1 780-00
;Автошина CORDIANT 185/65R14 86H COMFORT;14;1 785-00
;Автошина CORDIANT 185/65R14 86H ROAD RUNNER;5;1 840-00
;Автошина CORDIANT 185/65R14 86H SPORT 2 ;3;1 805-00
;Автошина CORDIANT 185/65R15 COMFORT;более 20;1 815-00
;Автошина CORDIANT 185/70R14 SPORT;14;1 770-00
;Автошина CORDIANT 185/75R16C BUSSINESS б/к;1;2 480-00
;Автошина CORDIANT 185/75R16C BUSSINESS кам;7;2 775-00
;Автошина CORDIANT 195/60R15 88V SPORT 3;16;2 420-00
;Автошина CORDIANT 195/65R15 91H COMFORT ;2;2 110-00
;Автошина CORDIANT 195/65R15 91H STANDART;более 20;1 940-00
;Автошина CORDIANT 205/55R16 91H SPORT;12;2 500-00
;Автошина CORDIANT 205/55R16 H SPORT 2;7;2 650-00
;Автошина CORDIANT 205/55R16 V COMFORT;более 20;2 545-00
;Автошина CORDIANT 205/60R15 H COMFORT;более 20;2 470-00
;Автошина CORDIANT 205/60R15 H SPORT ;6;2 565-00
;Автошина CORDIANT 205/60R16 V COMFORT;1;2 710-00
;Автошина CORDIANT 205/65R15 94H COMFORT ;более 20;2 250-00
;Автошина CORDIANT 205/65R15 94H SPORT 2 ;10;2 230-00
;Автошина CORDIANT 205/70R15 96Q OFF ROAD ;более 20;3 120-00
;Автошина CORDIANT 205/70R16 97Q OFF ROAD ;более 20;3 730-00
;Автошина CORDIANT 215/55R16 93V SPORT 2;более 20;3 150-00
;Автошина CORDIANT 215/55R16 V COMFORT 2010-2011г;4;2 805-00
;Автошина CORDIANT 215/60R16 95H SPORT 2;более 20;3 180-00
;Автошина CORDIANT 215/65R16С BUSINESS ;более 20;3 250-00
;Автошина CORDIANT 215/70R16 100H ALL TERRAIN;более 20;3 670-00
;Автошина CORDIANT 215/75R16С BUSINESS CA-1;10;3 940-00
;Автошина CORDIANT 225/55R16 95V SPORT 3;10;4 075-00
;Автошина CORDIANT 225/70R16 103H ALL TERRAIN;10;4 160-00
;Автошина CORDIANT 225/75R16 OFF ROAD ;6;4 705-00
;Автошина CORDIANT 235/75R15 104Q OFF ROAD ;более 20;4 000-00
;Автошина CORDIANT 275/70R16 114Q OFF ROAD ;12;5 510-00
ROSAVA;;;
;Автошина БЦ-40 185/65R13 Т ROSAVA;;1 355-00
;Автошина BC-11 155/70R13 Т ROSAVA;;1 150-00
TUNGA;;;
;Автошина TUNGA 185/65R14 86T ZODIAK ;более 20;1 545-00
;Автошина TUNGA 185/70R14 88T ZODIAK ;2;1 585-00
;Автошина TUNGA 195/60R15 88T ZODIAK ;8;2 095-00
;Автошина TUNGA 195/65R15 91T ZODIAK ;8;1 820-00
БЕЛШИНА;;;
;Автошина БЕЛШИНА 155/70R13 БЕЛ-391;;1 380-00
;Автошина БЕЛШИНА 165/70R13 БЕЛ-105;2;1 330-00
;Автошина БЕЛШИНА 175/70R13 БЕЛ-100;;1 320-00
;Автошина БЕЛШИНА 175/70R13 БЕЛ-103;;1 330-00
;Автошина БЕЛШИНА 175/70R13 БЕЛ-253 Artmotion NEW;;1 375-00
;Автошина БЕЛШИНА 175/70R13 БИ-391;4;1 320-00
;Автошина БЕЛШИНА 175R16C БИ-522 + камера;1;2 750-00
;Автошина БЕЛШИНА 185/60R14 БЕЛ-256 Artmotion NEW;4;1 580-00
;Автошина БЕЛШИНА 185/60R14 БИ-555;6;1 520-00
;Автошина БЕЛШИНА 185/65R14 БЕЛ-157;2;1 545-00
;Автошина БЕЛШИНА 185/65R14 БЕЛ-254 Artmotion NEW;3;1 620-00
;Автошина БЕЛШИНА 185/65R14 БЕЛ-94;3;1 545-00
;Автошина БЕЛШИНА 195/60R15 БЕЛ-281;16;2 180-00
;Автошина БЕЛШИНА 195/65R15 БЕЛ-119;более 20;1 755-00
;Автошина БЕЛШИНА 195R14C БЕЛ-78;;2 185-00
;Автошина БЕЛШИНА 205/55R16 БЕЛ-201;3;2 335-00
;Автошина БЕЛШИНА 205/70R15 БЕЛ-121;;2 505-00
;Автошина БЕЛШИНА 215/55R16 БЕЛ-203;8;2 710-00
;Автошина БЕЛШИНА 215/60R16 БЕЛ-223;1;2 685-00
;Автошина БЕЛШИНА 215/65R16 БЕЛ-205;11;3 000-00
;Автошина БЕЛШИНА 215/65R16 БЕЛ-220;1;2 600-00
КАМА;;;
;Автошина КАМА 175/65R14 KAMA EURO-129;12;1 555-00
;Автошина КАМА 175/65R14 КАМА-217;более 20;1 435-00
;Автошина КАМА 175/70R13 KAMA EURO-129;более 20;1 460-00
;Автошина КАМА 175/70R13 КАМА EURO-224;более 20;1 460-00
;Автошина КАМА 175/70R13 КАМА-205;более 20;1 350-00
;Автошина КАМА 175/70R13 КАМА-217;более 20;1 350-00
;Автошина КАМА 175/70R13 НК-132 КАМА-BREEZE;;1 350-00
;Автошина КАМА 175/70R14 KAMA EURO-129;4;1 060-00
;Автошина КАМА 175R16С КАМА-218;более 20;2 600-00
;Автошина КАМА 185/60R14 KAMA EURO-129;14;1 675-00
;Автошина КАМА 185/60R14 КАМА EURO-224;более 20;1 725-00
;Автошина КАМА 185/60R14 КАМА-208;более 20;1 550-00
;Автошина КАМА 185/60R15 КАМА EURO-236;более 20;1 160-00
;Автошина КАМА 185/65R14 KAMA EURO-129;5;1 720-00
;Автошина КАМА 185/65R14 КАМА EURO-236;более 20;1 720-00
;Автошина КАМА 185/65R14 КАМА-230;более 20;1 590-00
;Автошина КАМА 185/65R14 НК-132 КАМА-BREEZE;1;1 590-00
;Автошина КАМА 185/65R15 КАМА EURO-236;18;1 310-00
;Автошина КАМА 185/70R14 КАМА EURO-236;14;1 890-00
;Автошина КАМА 185/75R13С КАМА-231;более 20;1 610-00
;Автошина КАМА 185/75R16 КАМА-232;более 20;2 325-00
;Автошина КАМА 185/75R16С KAMA EURO-131;более 20;2 765-00
;Автошина КАМА 185/75R16С КАМА-301;более 20;2 745-00
;Автошина КАМА 195/55R15 KAMA EURO-129;более 20;2 180-00
;Автошина КАМА 195/60R15 KAMA EURO-129;2;2 220-00
;Автошина КАМА 195/65R15 КАМА НИКОЛА;более 20;1 860-00
;Автошина КАМА 195/65R15 КАМА-234;20;1 805-00
;Автошина КАМА 195/70R15С KAMA EURO-131;1;2 485-00
;Автошина КАМА 195/75R16С KAMA EURO-131;3;2 835-00
;Автошина КАМА 195R14С KAMA EURO-131;12;2 285-00
;Автошина КАМА 205/55R16 KAMA EURO-129;2;2 490-00
;Автошина КАМА 205/70R15С KAMA EURO-131;более 20;3 025-00
;Автошина КАМА 205/70R16 KAMA FLAME;более 20;3 190-00
;Автошина КАМА 205/75R16С KAMA EURO-131;более 20;3 070-00
;Автошина КАМА 215/60R16 KAMA EURO-129;7;2 765-00
;Автошина КАМА 215/65R15С KAMA EURO-131;8;2 800-00
;Автошина КАМА 215/65R16С KAMA EURO-131;;3 090-00
;Автошина КАМА 215/70R16 КАМА-235;12;2 730-00
;Автошина КАМА 215/90R15С Я-245-1;13;2 480-00
;Автошина КАМА 225/75R16 КАМА-219;9;3 195-00
;Автошина КАМА 225/75R16С КАМА 218;;3 220-00
;Автошина КАМА 225/75R16С КАМА И-359;13;3 160-00
;Автошина КАМА 225/85R15С КАМА И-502;8;3 095-00
;Автошина КАМА 235/70R16 Кама 221;9;3 255-00
;Автошина КАМА 235/75R15 И-520 Пилигрим;более 20;3 355-00
;Автошина AEOLUS 185/65R15 88T AW05;10;
BF GOODRICH;;;
;Автошина BF GOODRICH 155/70R13 75T WINTER 1;12;
;Автошина BF GOODRICH 185/65R14 T G-FORCE WINTER;;2 370-00
;Автошина BFGOODRICH 175/65R14 82Q G-FORCE STUD шип.;12;2 350-00
;Автошина BFGOODRICH 185/65R14 86T G-FORCE WINTER;16;2 370-00
;Автошина BFGOODRICH 185/70R14 88T G-FORCE WINTER;11;2 650-00
;Автошина BFGOODRICH 195/65R15 95Q G-FORCE STUD шип;14;2 875-00
;Автошина BFGOODRICH 195/65R15 95T G-FORCE WINTER;8;2 735-00
;Автошина BFGOODRICH 205/55R16 94Q G-FORCE STUD шип.;12;3 545-00
;Автошина BFGOODRICH 205/60R16 96H G-FORCE WINTER;4;3 430-00
;Автошина BFGOODRICH 205/60R16 96Q G-FORCE STUD шип.;12;
;Автошина BFGOODRICH 215/60R16 99H G-FORCE WINTER;4;3 660-00
BRIDGESTONE;;;
;Автошина BRIDGESTONE 175/65R14 82S Blizzak REVO-GZ;более 20;2 535-00
;Автошина BRIDGESTONE 175/65R14 82T IceCruiser 7000 шип.;2;2 255-00
;Автошина BRIDGESTONE 175/65R14 S Blizzak VRX;7;2 605-00
;Автошина BRIDGESTONE 175/70R13 82S Blizzak REVO-GZ;10;2 260-00
;Автошина BRIDGESTONE 175/70R13 82T IceCruiser 7000 шип.;более 20;2 405-00
;Автошина BRIDGESTONE 175/70R13 S VRX;более 20;2 445-00
;Автошина BRIDGESTONE 175/70R14 84S Blizzak REVO-GZ;2;2 430-00
;Автошина BRIDGESTONE 185/60R14 82S Blizzak REVO-GZ;3;2 795-00
;Автошина BRIDGESTONE 185/60R14 82S VRX;;3 230-00
;Автошина BRIDGESTONE 185/60R14 82T IceCruiser 7000 шип.;12;2 895-00
;Автошина BRIDGESTONE 185/60R14T Blizzak SPIKE-01 шип;4;3 435-00
;Автошина BRIDGESTONE 185/60R15 84S Blizzak REVO-GZ;2;3 000-00
;Автошина BRIDGESTONE 185/60R15 84S VRX;4;3 585-00
;Автошина BRIDGESTONE 185/65R14 86S Blizzak REVO-GZ;более 20;2 680-00
;Автошина BRIDGESTONE 185/65R14 86T Blizzak SPIKE-01 шип;4;3 200-00
;Автошина BRIDGESTONE 185/65R14 86T IceCruiser 7000 шип.;;2 485-00
;Автошина BRIDGESTONE 185/65R15 88S Blizzak REVO-GZ;более 20;2 930-00
;Автошина BRIDGESTONE 185/65R15 88T IceCruiser 7000 шип.;более 20;2 830-00
;Автошина BRIDGESTONE 185/65R15 S  VRX;17;3 310-00
;Автошина BRIDGESTONE 185/70R14 88S Blizzak REVO-GZ;более 20;2 795-00
;Автошина BRIDGESTONE 185/70R14 88T Blizzak SPIKE-01 шип;4;3 040-00
;Автошина BRIDGESTONE 185/70R14 S VRX;;3 100-00
;Автошина BRIDGESTONE 195/55R15 85S Blizzak REVO-GZ;4;3 630-00
;Автошина BRIDGESTONE 195/55R16 87S Blizzak REVO-GZ;2;4 420-00
;Автошина BRIDGESTONE 195/55R16 87T Blizzak SPIKE-01 шип;4;5 065-00
;Автошина BRIDGESTONE 195/60R15 88S Blizzak REVO-GZ;более 20;3 175-00
;Автошина BRIDGESTONE 195/60R15 88T Blizzak SPIKE-01 шип;12;3 460-00
;Автошина BRIDGESTONE 195/60R15 88T IceCruiser 7000 шип.;20;2 955-00
;Автошина BRIDGESTONE 195/65R15 91S Blizzak REVO-GZ;более 20;3 000-00
;Автошина BRIDGESTONE 195/65R15 S Blizzak VRX;более 20;3 425-00
;Автошина BRIDGESTONE 205/50R17 89S Blizzak REVO-GZ;6;4 705-00
;Автошина BRIDGESTONE 205/55R16 91S Blizzak REVO-GZ;более 20;4 575-00
;Автошина BRIDGESTONE 205/55R16 91S Blizzak VRX;более 20;4 945-00
;Автошина BRIDGESTONE 205/55R16 91T IceCruiser 7000 шип.;более 20;4 195-00
;Автошина BRIDGESTONE 205/55R16 T Blizzak SPIKE-01 шип.;20;5 055-00
;Автошина BRIDGESTONE 205/60R16 92S Blizzak REVO-GZ;;4 465-00
;Автошина BRIDGESTONE 205/65R16 95S Blizzak REVO-GZ;11;4 965-00
;Автошина BRIDGESTONE 205/70R15 96R DMV1;4;3 360-00
;Автошина BRIDGESTONE 205/70R15 96S DM-V2;;3 720-00
;Автошина BRIDGESTONE 215/45R17 87S Blizzak REVO-GZ;4;6 975-00
;Автошина BRIDGESTONE 215/50R17 91S Blizzak REVO-GZ;4;5 935-00
;Автошина BRIDGESTONE 215/50R17 91S Blizzak VRX;4;6 370-00
;Автошина BRIDGESTONE 215/55R16 93S Blizzak REVO-GZ;более 20;4 910-00
;Автошина BRIDGESTONE 215/55R17 94S Blizzak VRX;более 20;7 950-00
;Автошина BRIDGESTONE 215/60R16 95S Blizzak REVO-GZ;4;4 600-00
;Автошина BRIDGESTONE 215/60R16 95T Blizzak SPIKE-01 шип;более 20;5 700-00
;Автошина BRIDGESTONE 215/60R16 95T IceCruiser 7000 шип.;4;4 625-00
;Автошина BRIDGESTONE 215/60R16 S VRX;4;5 560-00
;Автошина BRIDGESTONE 215/60R17 R DMV1;4;5 415-00
;Автошина BRIDGESTONE 215/65R16 98S Blizzak REVO-GZ;более 20;4 380-00
;Автошина BRIDGESTONE 215/70R16 100R DMV1UZ RBT;более 20;4 880-00
;Автошина BRIDGESTONE 225/50R17 94S Blizzak REVO-GZ;8;6 680-00
;Автошина BRIDGESTONE 225/55R17 97R DMV1UZ;8;6 980-00
;Автошина BRIDGESTONE 225/60R17 99S Blizzak REVO-GZ;1;6 180-00
;Автошина BRIDGESTONE 225/60R17 99S BLIZZAK VRX;2;7 065-00
;Автошина BRIDGESTONE 225/60R17 99S DMV2;2;5 680-00
;Автошина BRIDGESTONE 225/60R18 100S BLIZZAK DM-V2;более 20;6 625-00
;Автошина BRIDGESTONE 225/65R18 103R DMV1;2;5 975-00
;Автошина BRIDGESTONE 235/55R18 100R DMV1;4;5 745-00
;Автошина BRIDGESTONE 235/55R19 T BLIZZAK DM-V2;8;7 205-00
;Автошина BRIDGESTONE 235/55R19 T Blizzak SPIKE-01 шип;4;9 535-00
;Автошина BRIDGESTONE 235/65R18 106R DMV1UZ RBT;8;5 710-00
;Автошина BRIDGESTONE 245/45R17 95S Blizzak VRX;6;8 950-00
;Автошина BRIDGESTONE 255/40R19 S BLIZZAK VRX;4;10 920-00
;Автошина BRIDGESTONE 255/55R18 109T XL IceCruiser 7000 шип.;4;6 925-00
;Автошина BRIDGESTONE 275/40R20 106R XL DMV1;4;12 380-00
CORDIANT;;;
;Автошина CORDIANT 175/65R14 POLAR 2 PW-502 шип.;4;
;Автошина CORDIANT 175/70R13 POLAR 2 PW-502 шип.;;
;Автошина CORDIANT 185/60R14 POLAR 2 PW-502 шип.;более 20;
;Автошина CORDIANT 185/60R14 SNOW-CROSS PW-2 шип.;8;
;Автошина CORDIANT 185/60R14 WINTER DRIVE PW-1;14;
;Автошина CORDIANT 185/65R14 SNO-MAX PW-401 шип.;15;
;Автошина CORDIANT 195/55R15 POLAR 2 PW-502 шип.;;
;Автошина CORDIANT 195/55R15 WINTER DRIVE PW-1;4;
;Автошина CORDIANT 195/65R15 SNO-MAX PW-401 шип.;4;
;Автошина CORDIANT 195/65R15 SNOW-CROSS PW-2 шип.;12;
;Автошина CORDIANT 195/65R15 Winter Drive PW-1;2;
;Автошина CORDIANT 205/60R16 WINTER DRIVE PW-1;2;
;Автошина CORDIANT 215/55R16 POLAR 2 PW-502 шип.;4;
;Автошина CORDIANT 215/60R16 POLAR 2 PW-502 шип.;6;
;Автошина TUNGA 195/65R15 EXTREME CONTACT PW-302 шип.;4;
DUNLOP;;;
;Автошина DUNLOP 155/70R13 75T WINTER MAXX 01;12;1 840-00
;Автошина DUNLOP 175/65R14 82Q GRASPIC DS-3;более 20;2 325-00
;Автошина DUNLOP 175/65R14 82T SP WINTER ICE 01 шип;более 20;2 100-00
;Автошина DUNLOP 175/65R14 82T WINTER MAXX 01;более 20;2 490-00
;Автошина DUNLOP 175/70R13 82Q GRASPIC DS-3;более 20;2 130-00
;Автошина DUNLOP 175/70R13 82T SP WINTER ICE 01 шип;4;2 160-00
;Автошина DUNLOP 175/70R13 82T WINTER MAXX 01;6;2 325-00
;Автошина DUNLOP 175/70R14 84Q GRASPIC DS-3;20;2 310-00
;Автошина DUNLOP 185/55R15 82Q GRASPIC DS-3;4;3 405-00
;Автошина DUNLOP 185/60R14 82Q GRASPIC DS-3;более 20;2 575-00
;Автошина DUNLOP 185/65R14 86Q GRASPIC DS-3;более 20;2 575-00
;Автошина DUNLOP 185/65R15 88T SP WINTER MAXX 01;5;2 820-00
;Автошина DUNLOP 185/65R15 88T SP WINTER SPORT 400;1;2 575-00
;Автошина DUNLOP 185/70R14 88Q GRASPIC DS-3;более 20;2 575-00
;Автошина DUNLOP 195/55R15 85Q GRASPIC DS-3;11;3 330-00
;Автошина DUNLOP 195/55R16 87Q GRASPIC DS-3;16;3 960-00
;Автошина DUNLOP 195/60R15 88Q GRASPIC DS-3;более 20;2 910-00
;Автошина DUNLOP 195/60R15 88T SP WINTER ICE 01 шип;более 20;2 730-00
;Автошина DUNLOP 195/65R15 91Q GRASPIC DS-3;более 20;2 745-00
;Автошина DUNLOP 195/65R15 95T SP WINTER ICE 01 шип;8;2 610-00
;Автошина DUNLOP 205/50R17 93Q GRASPIC DS-3;16;4 785-00
;Автошина DUNLOP 205/55R16 91Q GRASPIC DS-3;более 20;4 215-00
;Автошина DUNLOP 205/55R16 94T SP WINTER ICE 01 шип;более 20;3 900-00
;Автошина DUNLOP 205/55R16 94T WINTER MAXX WM01;более 20;4 710-00
;Автошина DUNLOP 205/60R16 92T SP WINTER ICE 01 шип;4;4 005-00
;Автошина DUNLOP 205/60R16 96Q GRASPIC DS-3;более 20;4 105-00
;Автошина DUNLOP 205/65R16 95Q GRASPIC DS-3;4;4 565-00
;Автошина DUNLOP 205/70R15 96R WINTER MAXX SJ8;12;3 480-00
;Автошина DUNLOP 215/50R17 91Q GRASPIC DS-3;более 20;5 460-00
;Автошина DUNLOP 215/55R17 98Q GRASPIC DS-3;более 20;6 840-00
;Автошина DUNLOP 215/60R17 96Q GRASPIC DS-3;20;5 325-00
;Автошина DUNLOP 215/65R16 98Q GRANDTREK SJ6;12;4 020-00
;Автошина DUNLOP 215/65R16 98Q GRASPIK DS-3;8;3 990-00
;Автошина DUNLOP 215/65R16 98R WINTER MAXX SJ8;12;4 200-00
;Автошина DUNLOP 215/70R16 99Q GRANDTREK SJ6;12;5 520-00
;Автошина DUNLOP 225/45R17 91Q GRASPIC DS-3;4;6 655-00
;Автошина DUNLOP 225/50R17 98Q GRASPIC DS-3;более 20;6 160-00
;Автошина DUNLOP 225/55R17 97Q GRASPIC DS-3;2;6 330-00
;Автошина DUNLOP 225/60R17 99R WINTER MAXX SJ8;4;5 415-00
;Автошина DUNLOP 225/70R16 102Q  GRANDTREK SJ6;4;5 475-00
;Автошина DUNLOP 235/45R17 94Q GRASPIC DS-3;2;6 735-00
;Автошина DUNLOP 235/50R18 97R WINTER MAXX SJ8;4;9 420-00
;Автошина DUNLOP 285/60R18 116R WINTER MAXX SJ8 ;8;7 735-00
EVERGREEN;;;
;Автошина EVERGREEN 155/65R13 73T EW62;;
;Автошина EVERGREEN 155/70R13 75T EW62;4;
;Автошина EVERGREEN 175/65R14 82Н EW62 ;6;
;Автошина EVERGREEN 175/70R13 82T EW62;1;
;Автошина EVERGREEN 175/70R14 88T EW62;более 20;
;Автошина EVERGREEN 185/60R14 82Т EW62 ;более 20;
;Автошина EVERGREEN 185/60R14 82Т EW66 ;более 20;
;Автошина EVERGREEN 185/60R15 88Н EW62;4;
;Автошина EVERGREEN 185/65R14 86Т EW62 ;более 20;
;Автошина EVERGREEN 185/65R15 88Т EW62;более 20;
;Автошина EVERGREEN 195/55R16 87Н EW62 ;6;
;Автошина EVERGREEN 195/60R15 88Т EW62 ;более 20;
;Автошина EVERGREEN 195/65R15 91Т EW62 ;более 20;
;Автошина EVERGREEN 205/50R17 89Н EW66;более 20;
;Автошина EVERGREEN 205/60R16 96Н EW62 ;10;
;Автошина EVERGREEN 205/65R15 94Н EW62 ;2;
;Автошина EVERGREEN 215/45R17 87Н EW66 ;более 20;
;Автошина EVERGREEN 215/55R16 97Н EW66 ;10;
;Автошина EVERGREEN 215/55R17 94Н EW66 ;более 20;
;Автошина EVERGREEN 215/60R16 99Н EW66 XL;10;
;Автошина EVERGREEN 215/65R16 98Н EW62 ;1;
;Автошина EVERGREEN 215/65R16 98Н EW66 ;;
;Автошина EVERGREEN 225/40R18 92Н EW66;более 20;
;Автошина EVERGREEN 225/45R17 91Н EW66;7;
;Автошина EVERGREEN 225/50R17 98Н EW66;более 20;
;Автошина EVERGREEN 225/65R17 102S EW66;более 20;
;Автошина EVERGREEN 235/45R17 94Н EW66;более 20;
;Автошина EVERGREEN 235/55R17 99Н EW66;10;
;Автошина EVERGREEN 235/65R17 104S EW66;8;
;Автошина EVERGREEN 255/50R19 107Н EW66;1;
;Автошина EVERGREEN 265/65R17 112S EW66;16;
FORMULA;;;
;Автошина FORMULA 185/65R15 88T CEAT FORMULA WINTER;20;
GT RADIAL;;;
;Автошины GT RADIAL 155/70R13 75T CHAMPIRO WINTERPRO ;2;
;Автошины GT RADIAL 165/70R13 79T CHAMPIRO WINTERPRO;4;
;Автошины GT RADIAL 175/65R14 82T CHAMPIRO WINTERPRO;8;
;Автошины GT RADIAL 175/65R14 86T CHAMPIRO ICERPRO ш;более 20;
;Автошины GT RADIAL 175/70R13 82T CHAMPIRO ICERPRO ш;1;
;Автошины GT RADIAL 175/70R14 84T CHAMPIRO ICERPRO шип.;более 20;
;Автошины GT RADIAL 175/70R14 84T CHAMPIRO WINTERPRO;6;
;Автошины GT RADIAL 185/55R14 80Н CHAMPIRO WT-АХ;более 20;
;Автошины GT RADIAL 185/55R15 86T CHAMPIRO ICERPRO шип.;6;
;Автошины GT RADIAL 185/55R15 86Н CHAMPIRO WT-АХ;9;
;Автошины GT RADIAL 185/60R14 82T CHAMPIRO WINTERPRO;1;
;Автошины GT RADIAL 185/60R14 82T XL CHAMPIRO ICERPRO ш;более 20;
;Автошины GT RADIAL 185/60R14 82Н CHAMPIRO WT-АХ;более 20;
;Автошины GT RADIAL 185/65R14 90T XL CHAMPIRO ICERPRO ш;более 20;
;Автошины GT RADIAL 185/65R15 88T CHAMPIRO WINTERPRO;8;
;Автошины GT RADIAL 185/65R15 88T PRIMEWELL VALERA ICE;4;
;Автошины GT RADIAL 185/65R15 88Н CHAMPIRO WT-AX;более 20;
;Автошины GT RADIAL 185/65R15 92T XL CHAMPIRO ICERPRO ш;3;
;Автошины GT RADIAL 185/70R14 88T CHAMPIRO ICERPRO ш;10;
;Автошины GT RADIAL 185/70R14 88T CHAMPIRO WINTERPRO;;
;Автошины GT RADIAL 185R14C 102/100Q MAXMILER WT;1;
;Автошины GT RADIAL 195/55R15 85H CHAMPIRO WINTERPRO;6;
;Автошины GT RADIAL 195/55R15 85Н CHAMPIRO WT-AX;8;
;Автошины GT RADIAL 195/55R15 89T XL CHAMPIRO ICERPRO ш;14;
;Автошины GT RADIAL 195/55R16 87Н CHAMPIRO WINTERPRO HP;16;
;Автошины GT RADIAL 195/60R15 88T CHAMPIRO WINTERPRO;6;
;Автошины GT RADIAL 195/60R15 88T XL CHAMPIRO ICERPRO ш;более 20;
;Автошины GT RADIAL 195/60R15 88Н CHAMPIRO WT-AX;более 20;
;Автошины GT RADIAL 195/65R15 91H XL CHAMPIRO WT-AX;более 20;
;Автошины GT RADIAL 205/50R16 87Н  CHAMPIRO WT-AX;2;
;Автошины GT RADIAL 205/50R17 93V CHAMPIRO WINTERPRO HP;20;
;Автошины GT RADIAL 205/55R16 91Т CHAMPIRO WINTERPRO;2;
;Автошины GT RADIAL 205/55R16 94T XL CHAMPIRO ICERPRO ш;более 20;
;Автошины GT RADIAL 205/55R16 94V CHAMPIRO WINTERPRO HP;9;
;Автошины GT RADIAL 205/60R15 95Н  CHAMPIRO WT-AX;2;
;Автошины GT RADIAL 205/60R16 92Н CHAMPIRO WINTERPRO;4;
;Автошины GT RADIAL 205/60R16 96T CHAMPIRO ICERPRO ш;12;
;Автошины GT RADIAL 205/60R16 96Н CHAMPIRO WT-AX;10;
;Автошины GT RADIAL 205/65R15 94T CHAMPIRO WINTERPRO;1;
;Автошины GT RADIAL 215/55R16 93Н CHAMPIRO WINTERPRO;более 20;
;Автошины GT RADIAL 215/55R16 97T XL CHAMPIRO ICERPRO ш;8;
;Автошины GT RADIAL 215/55R16 97Н CHAMPIRO WT-AX;6;
;Автошины GT RADIAL 215/55R17 98T XL CHAMPIRO ICERPRO ш;14;
;Автошины GT RADIAL 215/60R16 95T CHAMPIRO ICERPRO ш;более 20;
;Автошины GT RADIAL 215/60R16 99Н CHAMPIRO WT-AX;более 20;
;Автошины GT RADIAL 215/60R16 99Н XL CHAMPIRO WINTERPRO;более 20;
;Автошины GT RADIAL 215/60R17 96T CHAMPIRO ICERPRO ш;более 20;
;Автошины GT RADIAL 215/60R17 99Н XL CHAMPIRO WINTERPRO HP;более 20;
;Автошины GT RADIAL 215/70R16 100T CHAMPIRO ICERPRO SUV ш;8;
;Автошины GT RADIAL 225/40R18 92V CHAMPIRO WINTERPRO HP;12;
;Автошины GT RADIAL 225/45R17 94T XL CHAMPIRO ICERPRO ш;16;
;Автошины GT RADIAL 225/45R17 94Н ХL CHAMPIRO WT-AX;6;
;Автошины GT RADIAL 225/50R17 94T CHAMPIRO ICERPRO ш;9;
;Автошины GT RADIAL 225/50R17 98V ХL CHAMPIRO WT-AX;10;
;Автошины GT RADIAL 225/55R17 101Н ХL CHAMPIRO WT-AX;4;
;Автошины GT RADIAL 225/55R18 98T CHAMPIRO ICERPRO ш;4;
;Автошины GT RADIAL 225/60R17 99T CHAMPIRO ICERPRO ш;4;
;Автошины GT RADIAL 225/65R17 102Н XL CHAMPIRO WINTERPRO HP;более 20;
;Автошины GT RADIAL 225/70R16 103T SAVERO WT;6;
;Автошины GT RADIAL 225/70R16 103T XL CHAMPIRO ICERPRO SUV ш;12;
;Автошины GT RADIAL 225/75R16 108H CHAMPIRO ICERPRO SUV ш;8;
;Автошины GT RADIAL 235/40R18 95V CHAMPIRO WINTERPRO HP;4;
;Автошины GT RADIAL 235/45R17 97V ХL CHAMPIRO WINTERPRO HP;16;
;Автошины GT RADIAL 235/45R17 97Н ХL CHAMPIRO WT-AX;8;
;Автошины GT RADIAL 235/50R18 101V CHAMPIRO WINTERPRO HP;12;
;Автошины GT RADIAL 235/55R18 104V ХL CHAMPIRO WINTERPRO HP;2;
;Автошины GT RADIAL 235/55R19 105H CHAMPIRO WINTERPRO HP;более 20;
;Автошины GT RADIAL 235/60R16 100Н XL CHAMPIRO WINTERPRO HP;8;
;Автошины GT RADIAL 235/60R18 107H CHAMPIRO WINTERPRO HP;4;
;Автошины GT RADIAL 235/65R17 108H CHAMPIRO WINTERPRO HP;4;
;Автошины GT RADIAL 235/70R16 106T SAVERO WT;4;
;Автошины GT RADIAL 245/40R18 97V CHAMPIRO WINTERPRO HP;2;
;Автошины GT RADIAL 245/45R17 99V CHAMPIRO WINTERPRO HP;20;
;Автошины GT RADIAL 245/45R18 100V CHAMPIRO WINTERPRO HP;2;
;Автошины GT RADIAL 255/50R19 103T XL CHAMPIRO ICERPRO SUV  ш;8;
;Автошины GT RADIAL 255/50R19 107V CHAMPIRO WINTERPRO HP;8;
;Автошины GT RADIAL 255/55R18 109T XL CHAMPIRO ICERPRO SUV  ш;16;
;Автошины GT RADIAL 255/55R18 109V XL CHAMPIRO WINTERPRO HP;более 20;
;Автошины GT RADIAL 255/55R19 111H CHAMPIRO WINTERPRO HP;8;
;Автошины GT RADIAL 255/60R18 112H CHAMPIRO WINTERPRO HP;16;
;Автошины GT RADIAL 265/70R16 112T SAVERO WT;2;
HANKOOK;;;
;Автошина HANKOOK 175/70R13 Q W605;4;
;Автошина HANKOOK 215/60R16  W606;2;
KINGSTAR;;;
;Автошина KINGSTAR 175/70R14 84T SW40;2;
KUMHO;;;
;Автошина KUMHO 175/65R14 R KW31;;
;Автошина KUMHO 175/65R15T KW31;2;
;Автошина KUMHO 175/70R13 82T 7400;4;
;Автошина KUMHO 175/70R14 84R KW31;2;
;Автошина KUMHO 185/55R15 R KW31;4;
;Автошина KUMHO 185/60R14 T KW17;14;
;Автошина KUMHO 185/60R14 Т KW23;4;
;Автошина KUMHO 185/65R15 88T KW22 шип.;более 20;
;Автошина KUMHO 185/65R15 88T WI31 шип.;более 20;
;Автошина KUMHO 185/70R14 88R KW31;4;
;Автошина KUMHO 185R14C 102/100Q KC11;1;
;Автошина KUMHO 195/55R15 89T WI31 шип.;4;
;Автошина KUMHO 195/55R15 KW31;2;
;Автошина KUMHO 195/55R15 Н KW17;4;
;Автошина KUMHO 195/65R15 91R KW31;более 20;
;Автошина KUMHO 205/50R17 93R KW31;4;
;Автошина KUMHO 205/55R16 91T WI31 шип.;2;
;Автошина KUMHO 205/65R15 94T WI31 шип.;2;
;Автошина KUMHO 205/65R15С KС11 шип;;
;Автошина KUMHO 215/65R16 98H KC15;4;
;Автошина KUMHO 215/70R16 R KW31;4;
;Автошина KUMHO 225/55R17 R KW31;4;
;Автошина KUMHO 225/60R16 R KW31;4;
;Автошина KUMHO 225/60R18 H KC15;4;
;Автошина KUMHO 225/65R16C 112/110R KC11 шип.;4;
;Автошина KUMHO 225/65R17 R KW31;2;
;Автошина KUMHO 225/70R16 R KW31;4;
;Автошина KUMHO 235/65R17 R KW31;2;
;Автошина KUMHO 245/40R18 97W KW27;2;
;Автошина KUMHO 265/35R18 V KW27;2;
MARSHAL;;;
;Автошина MARSHAL 145R12C 81/79N KW21;более 20;
;Автошина MARSHAL 155/65R13 73Q KW21;4;
;Автошина MARSHAL 155/65R13 81R KW31;1;
;Автошина MARSHAL 155/70R13 81R KW31;5;
;Автошина MARSHAL 175/65R14 82Q KW21;более 20;
;Автошина MARSHAL 175/65R14 82R KW31;более 20;
;Автошина MARSHAL 185/55R15 R KW31;12;
;Автошина MARSHAL 185/60R14 82Т МW15;более 20;
;Автошина MARSHAL 185/65R13 84Т KW15;2;
;Автошина MARSHAL 185/65R14 86R KW31;более 20;
;Автошина MARSHAL 185/65R15 92R KW31;1;
;Автошина MARSHAL 185/70R14 88R KW31;2;
;Автошина MARSHAL 195/50R15 82H MW15;14;
;Автошина MARSHAL 195/60R15 88R KW31;более 20;
;Автошина MARSHAL 195/65R15 91Q KW21;18;
;Автошина MARSHAL 195R14 C106/104Q KC11;2;
;Автошина MARSHAL 205/50R17 93R KW31;18;
;Автошина MARSHAL 205/50R17 93V KW15;8;
;Автошина MARSHAL 205/55R16 91Н МW15;4;
;Автошина MARSHAL 205/65R16 95R KW31;14;
;Автошина MARSHAL 205/65R16C 107/105R KC11;4;
;Автошина MARSHAL 215/45R17 91Q KW21;12;
;Автошина MARSHAL 215/55R16 97Т KW22;12;
;Автошина MARSHAL 215/60R17 96R KW31;16;
;Автошина MARSHAL 215/65R16 102R KW31;4;
;Автошина MARSHAL 215/65R16 98H KC15;3;
;Автошина MARSHAL 225/40R18 R KW31;16;
;Автошина MARSHAL 225/45R17 91V KW15;4;
;Автошина MARSHAL 225/45R17 R KW31;более 20;
;Автошина MARSHAL 225/55R17 101R KW31;более 20;
;Автошина MARSHAL 225/60R17 99H KC15;2;
;Автошина MARSHAL 225/65R17 106R KW31;4;
;Автошина MARSHAL 225/70R16 107R KW31;более 20;
;Автошина MARSHAL 235/55R17 99H KC15;2;
;Автошина MARSHAL 235/60R16 100R KW31;2;
;Автошина MARSHAL 235/60R18 107H KC15;2;
;Автошина MARSHAL 245/70R16 111R KW31;2;
;Автошина MARSHAL 275/40R20 106W KC15;6;
;Автошина MARSHAL 275/45R20 110W KC15;1;
MAXXIS;;;
;Автошина MAXXIS 185/65R14 Т MA-PW;4;
;Автошина MAXXIS 185R14C R MA-W2;2;
MICHELIN;;;
;Автошина MICHELIN 175/65R14 82T ALPIN A4;8;2 905-00
;Автошина MICHELIN 175/65R14 86T X-ICE NORTH 3 шип.;12;3 065-00
;Автошина MICHELIN 175/70R13 86T X-ICE 3;12;3 200-00
;Автошина MICHELIN 185/65R14 90T X-ICE 3;8;3 340-00
;Автошина MICHELIN 185/65R14 90T X-ICE NORTH 2 шип.;4;3 325-00
;Автошина MICHELIN 185/65R15 92T X-ICE 3;3;3 450-00
;Автошина MICHELIN 195/65R15 95T X-ICE 3;2;3 600-00
;Автошина MICHELIN 205/55R16 94H X-ICE 3;более 20;5 210-00
;Автошина MICHELIN 205/55R16 94T X-ICE NORTH 3 шип.;4;5 210-00
;Автошина MICHELIN 205/60R16 96H X-ICE 3;более 20;5 335-00
;Автошина MICHELIN 215/50R17 95H X-ICE 3;8;7 555-00
;Автошина MICHELIN 215/65R16  102T X-ICE 3;4;4 980-00
;Автошина MICHELIN 225/65R17 102T LATITUDE X-ICE 2;4;7 275-00
NOKIAN;;;
;Автошина NOKIAN 155/70R13 75R NORDMAN RS;более 20;2 070-00
;Автошина NOKIAN 155/70R13 75T NORDMAN 5 ш;более 20;2 250-00
;Автошина NOKIAN 175/65R14 82R NORDMAN RS;более 20;2 055-00
;Автошина NOKIAN 175/65R14 82T NORDMAN 4 ш;17;2 120-00
;Автошина NOKIAN 175/65R14 82T WR D3;более 20;2 720-00
;Автошина NOKIAN 175/65R14 86R HKPL R2 XL;более 20;3 370-00
;Автошина NOKIAN 175/65R14 86T HKPL 7 XL ш ;более 20;3 445-00
;Автошина NOKIAN 175/65R14 86T HKPL 8 XL ш ;10;3 795-00
;Автошина NOKIAN 175/65R14 86T NORDMAN 5  XL ш;более 20;2 270-00
;Автошина NOKIAN 175/70R13 82R HKPL R2 XL;более 20;2 735-00
;Автошина NOKIAN 175/70R13 82T HKPL 7 ш ;20;3 025-00
;Автошина NOKIAN 175/70R13 82T HKPL 8 ш ;20;3 340-00
;Автошина NOKIAN 175/70R13 82T NORDMAN 5  ш;более 20;2 110-00
;Автошина NOKIAN 175/70R13 R NORDMAN RS;более 20;2 080-00
;Автошина NOKIAN 185/60R14 82T NORDMAN 4 шип;более 20;2 440-00
;Автошина NOKIAN 185/60R14 82T NORDMAN 5 ш;более 20;2 570-00
;Автошина NOKIAN 185/60R15 88T HKPL 7 XL ш ;8;4 580-00
;Автошина NOKIAN 185/60R15 88T HKPL 8 XL ш ;4;5 040-00
;Автошина NOKIAN 185/60R15 88T NORDMAN 5 XL ш;4;2 895-00
;Автошина NOKIAN 185/65R14 90R HKPL R2 XL;более 20;3 820-00
;Автошина NOKIAN 185/65R14 90R NORDMAN RS XL;более 20;2 255-00
;Автошина NOKIAN 185/65R14 90T HKPL 7 XL ш ;2;3 930-00
;Автошина NOKIAN 185/65R14 90T NORDMAN 4 XL ш;более 20;2 330-00
;Автошина NOKIAN 185/65R14 90T NORDMAN 5 XL ш;более 20;2 390-00
;Автошина NOKIAN 185/65R14 90T WR D3 XL;более 20;2 930-00
;Автошина NOKIAN 185/65R15 88T NORDMAN 4 ш;более 20;2 550-00
;Автошина NOKIAN 185/65R15 92R HKPL R2 XL;14;3 775-00
;Автошина NOKIAN 185/65R15 92R NORDMAN RS XL;более 20;2 585-00
;Автошина NOKIAN 185/65R15 92T HKPL 7 XL ш ;более 20;3 840-00
;Автошина NOKIAN 185/65R15 92T HKPL 8 ш ;8;4 235-00
;Автошина NOKIAN 185/65R15 92T NORDMAN 5 XL ш;более 20;2 675-00
;Автошина NOKIAN 185/65R15 92T WR D3 XL;4;3 255-00
;Автошина NOKIAN 185/70R14 92R NORDMAN RS XL;более 20;2 545-00
;Автошина NOKIAN 195/55R15 89H WR D3 XL ;8;4 305-00
;Автошина NOKIAN 195/55R15 89R HKPL R2 XL ;4;5 590-00
;Автошина NOKIAN 195/55R15 89R NORDMAN RS XL;более 20;3 500-00
;Автошина NOKIAN 195/55R15 89T NORDMAN 4 XL ш;12;3 370-00
;Автошина NOKIAN 195/55R16 87T NORDMAN 4 ш;12;3 950-00
;Автошина NOKIAN 195/55R16 91R NORDMAN RS XL;более 20;4 050-00
;Автошина NOKIAN 195/55R16 91Т NORDMAN 5 XL ш;более 20;4 255-00
;Автошина NOKIAN 195/60R15 88T NORDMAN 4 ш;8;2 625-00
;Автошина NOKIAN 195/60R15 92R HKPL R2 XL;20;4 000-00
;Автошина NOKIAN 195/60R15 92R NORDMAN RS XL;более 20;2 725-00
;Автошина NOKIAN 195/60R15 92T HKPL 7 ш ;10;4 350-00
;Автошина NOKIAN 195/60R15 92Н WR D3;12;3 650-00
;Автошина NOKIAN 195/65R15 95R HKPL R2 XL;более 20;4 000-00
;Автошина NOKIAN 195/65R15 95R NORDMAN RS;более 20;2 630-00
;Автошина NOKIAN 195/65R15 95T HKPL 7 ш ;более 20;4 070-00
;Автошина NOKIAN 195/65R15 95T HKPL 8 ш ;4;4 480-00
;Автошина NOKIAN 195/65R15 95T NORDMAN 4 XL ш;12;2 555-00
;Автошина NOKIAN 195/65R15 95T NORDMAN 5 XL;более 20;2 630-00
;Автошина NOKIAN 195/65R15 95Т WR D3 XL;8;3 660-00
;Автошина NOKIAN 195/70R15С 104/102R NORDMAN С шип.;10;4 635-00
;Автошина NOKIAN 195/70R15С 104/102S WR C VAN;2;4 575-00
;Автошина NOKIAN 195/75R16С 107/105S WR C CARGO;1;5 040-00
;Автошина NOKIAN 205/50R16 91R NORDMAN RS;20;4 155-00
;Автошина NOKIAN 205/50R17 93R HKPL R2 XL;12;7 855-00
;Автошина NOKIAN 205/50R17 93T HKPL 8 XL ш;4;9 620-00
;Автошина NOKIAN 205/55R16 91H WR D3;более 20;4 750-00
;Автошина NOKIAN 205/55R16 94R HKPL R2 XL;более 20;6 025-00
;Автошина NOKIAN 205/55R16 94R NORDMAN RS;более 20;3 850-00
;Автошина NOKIAN 205/55R16 94T HKPL 7 ш ;20;6 215-00
;Автошина NOKIAN 205/55R16 94T HKPL 8 XL ш;8;6 855-00
;Автошина NOKIAN 205/55R16 94T NORDMAN 4 ш;4;3 905-00
;Автошина NOKIAN 205/55R16 94T NORDMAN 5 XL ш;16;3 915-00
;Автошина NOKIAN 205/60R15 95R NORDMAN RS XL;более 20;3 440-00
;Автошина NOKIAN 205/60R16 92H WR D3;16;5 350-00
;Автошина NOKIAN 205/60R16 92T NORDMAN 4 ш;3;4 015-00
;Автошина NOKIAN 205/60R16 96R HKPL R2 XL;более 20;6 080-00
;Автошина NOKIAN 205/60R16 96R NORDMAN RS XL;более 20;3 930-00
;Автошина NOKIAN 205/60R16 96T HKPL 7 ш ;8;6 465-00
;Автошина NOKIAN 205/60R16 96T HKPL 8 ш ;8;7 125-00
;Автошина NOKIAN 205/60R16 96T NORDMAN 5 XL ш;более 20;3 995-00
;Автошина NOKIAN 205/70R15 100R HKPL R2 SUV  XL ;4;6 835-00
;Автошина NOKIAN 205/70R15 100R NORDMAN RS ;более 20;3 750-00
;Автошина NOKIAN 215/50R17 95R HKPL R2 XL;16;8 370-00
;Автошина NOKIAN 215/50R17 95T HKPL 7 ш ;12;8 700-00
;Автошина NOKIAN 215/50R17 95T HKPL 8 XL ш;8;9 595-00
;Автошина NOKIAN 215/55R16 97R HKPL R2 ;3;6 855-00
;Автошина NOKIAN 215/55R16 97T NORDMAN 4 XL ш;4;4 375-00
;Автошина NOKIAN 215/55R16 97T NORDMAN 5 XL ш;20;4 725-00
;Автошина NOKIAN 215/55R17 98R HKPL R2 ;12;9 425-00
;Автошина NOKIAN 215/55R17 98T HKPL 7 ш ;более 20;9 530-00
;Автошина NOKIAN 215/55R17 98T HKPL 8 XL ш ;8;10 515-00
;Автошина NOKIAN 215/55R18 95H WR SUV 3 ;12;8 815-00
;Автошина NOKIAN 215/60R16 99R HKPL R2 XL;12;6 925-00
;Автошина NOKIAN 215/60R16 99T HKPL 7 ш ;более 20;7 205-00
;Автошина NOKIAN 215/60R16 99T NORDMAN 4 ш;18;4 560-00
;Автошина NOKIAN 215/60R17 100R HKPL R2 SUV XL ;8;8 845-00
;Автошина NOKIAN 215/65R16 102H WR D3 XL;более 20;4 900-00
;Автошина NOKIAN 215/65R16 102R HKPL R2 SUV XL ;более 20;5 695-00
;Автошина NOKIAN 215/65R16 102R NORDMAN RS;более 20;4 235-00
;Автошина NOKIAN 215/65R16 102Т HKPL 7 SUV XL ш;12;5 965-00
;Автошина NOKIAN 215/70R16 100Т HKPL 7 SUV ш;4;8 495-00
;Автошина NOKIAN 225/45R17 94R HKPL R2 XL ;4;9 435-00
;Автошина NOKIAN 225/45R17 94T HKPL 7 XL  ш;8;9 620-00
;Автошина NOKIAN 225/45R19 96R HKPL R2 XL ;12;12 500-00
;Автошина NOKIAN 225/50R16 96T NORDMAN 4 XL ш;8;5 315-00
;Автошина NOKIAN 225/50R17 98R HKPL R2 XL;1;
;Автошина NOKIAN 225/50R17 98T NORDMAN 4 ш;12;6 280-00
;Автошина NOKIAN 225/50R17 98T NORDMAN 5 XL ш;8;6 765-00
;Автошина NOKIAN 225/55R17 101R HKPL R2 XL;8;8 995-00
;Автошина NOKIAN 225/55R17 101T NORDMAN 4 ш;12;6 475-00
;Автошина NOKIAN 225/55R17 101Т HKPL 7 XL ш;12;9 370-00
;Автошина NOKIAN 225/60R17 103R HKPL R2 SUV XL ;более 20;9 120-00
;Автошина NOKIAN 225/60R17 103Т HKPL 7 SUV XL ш;20;9 550-00
;Автошина NOKIAN 225/60R18 104R HKPL R2 SUV XL;8;9 805-00
;Автошина NOKIAN 225/65R17 106R HKPL R2 SUV XL ;16;8 520-00
;Автошина NOKIAN 225/65R17 106Т HKPL 7 SUV XL ш;20;8 310-00
;Автошина NOKIAN 225/70R16 107R HKPL R2 SUV XL;4;8 670-00
;Автошина NOKIAN 225/75R16С 121/120R NORDMAN C ш;более 20;6 495-00
;Автошина NOKIAN 235/45R17 97R HKPL R2 XL;8;9 975-00
;Автошина NOKIAN 235/45R18 98T HKPL 8 ш ;8;14 120-00
;Автошина NOKIAN 235/50R18 101R HKPL R2 XL;12;12 130-00
;Автошина NOKIAN 235/55R17 103R HKPL R2 XL;12;9 425-00
;Автошина NOKIAN 235/55R18 104R XL HKPL R2 SUV XL;12;10 035-00
;Автошина NOKIAN 235/55R18 104T HKPL 7 SUV XL ш;4;10 970-00
;Автошина NOKIAN 235/55R18 R XL HKPL R SUV;4;9 245-00
;Автошина NOKIAN 235/55R19 105R HKPL R2 SUV XL;12;10 275-00
;Автошина NOKIAN 235/55R19 105Т HKPL 8 SUV XL ш;8;11 630-00
;Автошина NOKIAN 235/60R18 107R XL HKPL R2 SUV;4;9 465-00
;Автошина NOKIAN 235/60R18 107Т HKPL 7 SUV XL ш;4;10 750-00
;Автошина NOKIAN 235/65R17  108Т HKPL 7  SUV XL ш;16;8 810-00
;Автошина NOKIAN 245/40R18 97R HKPL R2 XL;16;11 215-00
;Автошина NOKIAN 245/40R18 97Т HKPL 7 XL ш;4;11 470-00
;Автошина NOKIAN 245/40R19 98R HKPL R2 XL;4;11 615-00
;Автошина NOKIAN 245/45R17 99T HKPL 7 ш ;4;10 985-00
;Автошина NOKIAN 245/45R18 100R HKPL R2 XL;12;12 455-00
;Автошина NOKIAN 245/45R19 102R HKPL R2 XL;8;12 465-00
;Автошина NOKIAN 245/50R18 104R HKPL R2 XL;8;12 340-00
;Автошина NOKIAN 245/55R19 107R XL HKPL R2 SUV;более 20;10 840-00
;Автошина NOKIAN 255/40R19 100R HKPL R2 XL;8;13 305-00
;Автошина NOKIAN 255/50R19 107R HKPL R2 SUV XL;8;11 535-00
;Автошина NOKIAN 255/55R18 109R HKPL R2 SUV  XL;4;9 890-00
;Автошина NOKIAN 255/55R19 111R HKPL R2 SUV XL;более 20;11 305-00
;Автошина NOKIAN 265/45R21 XL HKPL R2 SUV XL;12;14 180-00
;Автошина NOKIAN 265/50R20 111R XL HKPL R2 SUV XL;12;13 045-00
;Автошина NOKIAN 265/60R18 114R XL HKPL R2 SUV;20;9 925-00
;Автошина NOKIAN 265/65R17 116R HKPL R2 SUV XL;8;10 335-00
;Автошина NOKIAN 265/65R17 116Т HKPL 7 SUV XL ш;4;10 580-00
;Автошина NOKIAN 275/40R20 106Т HKPL 7 SUV XL ш;4;13 165-00
;Автошина NOKIAN 275/45R20 110R HKPL R2 SUV;12;12 290-00
;Автошина NOKIAN 285/50R20 116R HKPL R2 SUV XL;8;13 795-00
;Автошина NOKIAN 285/60R18 116R HKPL R2 SUV;более 20;11 030-00
;Автошина NOKIAN 285/65R17 116R HKPL R2 SUV;4;11 120-00
PRESA;;;
;Автошина PRESA 175/65R14 86Q PI02;более 20;
;Автошина PRESA 185/60R14 82Q PI02;более 20;
;Автошина PRESA 185/65R14 86Q PI02;7;
;Автошина PRESA 185/65R15 88Q PI02;2;
;Автошина PRESA 185/70R14 88Q PI02;8;
;Автошина PRESA 195/60R15 92Q PI02;16;
;Автошина PRESA 195/65R15 91Q PI02;5;
;Автошина PRESA 205/55R16 91Q PI02;более 20;3 300-00
;Автошина PRESA 205/55R16 91T PI01;2;
;Автошина PRESA 205/60R16 92Q PI02;2;
;Автошина PRESA 215/55R16 93Q PI02;более 20;
;Автошина PRESA 215/55R17 98Q PI02;более 20;
;Автошина PRESA 215/60R16 95Q PI02;более 20;
;Автошина PRESA 215/65R16 98R PI14;16;
;Автошина PRESA 215/70R16 100R PI14;более 20;
;Автошина PRESA 225/65R17 102Q PI14;12;
;Автошина PRESA 225/70R16 103R PI14;более 20;
;Автошина PRESA 235/70R16 106R PI14;6;
;Автошина PRESA 235/75R15 105R PI14;1;
;Автошина PRESA 245/70R16 107R PI14;14;
;Автошина PRESA 265/65R17 112R PI14;4;
ROADSTONE;;;
;Автошина ROADSTONE 155/70R13 T EURO-WIN;1;1 000-00
;Автошина ROADSTONE 215/55R16 93Q WINGUARD ICE;8;
SAVA;;;
;Автошина SAVA 185/65R15 Т ESKIMO S3+ ;4;
;Автошина SAVA ESKIMO S3 185/65R14 Т;1;
TOYO;;;
;Автошина TOYO 175/65R14 82T OBGS 5;4;
;Автошина TOYO 185/60R14 T OBGS 5;более 20;
;Автошина TOYO 185/65R15 T OBGS 5;2;
;Автошина TOYO 195/50R15 82Q OBGS 5;12;
;Автошина TOYO 195/65R15 T OBGS 5;12;
;Автошина TOYO 205/55R16 T OBGS 5;2;
;Автошина TOYO 205/75R15 97T OBGS 5;4;
;Автошина TOYO 215/50R17 Q OBGS5;2;
TRAYAL;;;
;Автошина TRAYAL 185/65R14 86Т ARCTICA;2;
WESTLAKE;;;
;Автошина WESTLAKE 185/65R14 SW606;4;
;Автошина WESTLAKE 185/75R16C SW606;;
;Автошина WESTLAKE 235/45 R17 SW608;2;
YOKOHAMA;;;
;Автошина YOKOHAMA 155/65R13 73Q IG50;13;
;Автошина YOKOHAMA 155/65R14 75Q IG30;1;
;Автошина YOKOHAMA 155/70R13 75Q IG30;4;
;Автошина YOKOHAMA 155/70R13 75Q IG50;15;
;Автошина YOKOHAMA 175/65R14 82Q F700Z шип;9;
;Автошина YOKOHAMA 175/65R14 82Q IG50;более 20;
;Автошина YOKOHAMA 175/70R13 82Q F700Z шип;;
;Автошина YOKOHAMA 175/70R13 82T IG35 шип.;4;
;Автошина YOKOHAMA 175/70R14 84Q IG30;4;
;Автошина YOKOHAMA 185/55R16 83Q IG50;1;
;Автошина YOKOHAMA 185/60R15 84Q IG50;5;
;Автошина YOKOHAMA 185/60R15 88T IG35 шип.;10;
;Автошина YOKOHAMA 185/65R14 86Q F700Z шип;более 20;
;Автошина YOKOHAMA 185/65R14 86Q IG50;7;
;Автошина YOKOHAMA 185/65R14 90T IG35 шип.;2;
;Автошина YOKOHAMA 185/65R15 88Q F700Z шип;2;
;Автошина YOKOHAMA 185/65R15 88Q IG50;более 20;
;Автошина YOKOHAMA 185/70R14 88Q F700Z шип;6;
;Автошина YOKOHAMA 195/55R15 85Q F700S шип;более 20;
;Автошина YOKOHAMA 195/55R15 85Q IG50;более 20;
;Автошина YOKOHAMA 195/55R16 87Q IG50;4;
;Автошина YOKOHAMA 195/60R15 88Q IG50;6;
;Автошина YOKOHAMA 195/65R15 91Q F700Z шип;16;
;Автошина YOKOHAMA 195/65R15 91Q IG50;более 20;
;Автошина YOKOHAMA 195/65R15 95T IG35 шип.;12;
;Автошина YOKOHAMA 195/75R16C 107R WY01;2;
;Автошина YOKOHAMA 205/55R16 91Q IG50;более 20;
;Автошина YOKOHAMA 205/55R16 94T IG35 шип.;2;
;Автошина YOKOHAMA 205/55R16 Q F700S шип;более 20;
;Автошина YOKOHAMA 205/60R15 91Q IG50;10;
;Автошина YOKOHAMA 205/60R16 92Q IG50;более 20;
;Автошина YOKOHAMA 215/50R17 91Q IG50;6;
;Автошина YOKOHAMA 215/55R17 94Q IG50;более 20;
;Автошина YOKOHAMA 215/55R18 95Q IG50;8;
;Автошина YOKOHAMA 215/60R16 95Q IG50;4;
;Автошина YOKOHAMA 215/65R16C 109/107T WY01;4;
;Автошина YOKOHAMA 215/70R16 100Q G073;3;
;Автошина YOKOHAMA 225/50R17 94Q IG50;6;
;Автошина YOKOHAMA 225/55R17 97Q IG50;8;
;Автошина YOKOHAMA 225/55R18 98Q G073;6;
;Автошина YOKOHAMA 225/60R17 99Q IG50;1;
;Автошина YOKOHAMA 235/65R17 108Q G073;8;
;Автошина YOKOHAMA 255/50R19 107Q G073;4;
;Автошина YOKOHAMA 255/55R18 109Q G073;1;
БЕЛШИНА;;;
;Автошина БЕЛШИНА 175/65R14 Бел-357;3;
;Автошина БЕЛШИНА 175/70R13 Бел-127;;
;Автошина БЕЛШИНА 175/70R13 Бел-188;;
;Автошина БЕЛШИНА 175/70R13 Бел-188М;;
;Автошина БЕЛШИНА 175/70R13 Бел-347;более 20;
;Автошина БЕЛШИНА 185/60R14 Бел-267;более 20;
;Автошина БЕЛШИНА 185/60R15 Бел-367;4;
;Автошина БЕЛШИНА 185/65R14 Бел-187;более 20;
;Автошина БЕЛШИНА 185/65R15 Бел-177;8;
;Автошина БЕЛШИНА 185/65R15 Бел-287;более 20;
;Автошина БЕЛШИНА 185/70R14 Бел-117;более 20;2 100-00
;Автошина БЕЛШИНА 195/65R15 Бел-337;20;
;Автошина БЕЛШИНА 205/55R16 Бел-207;;
;Автошина БЕЛШИНА 205/55R16 Бел-317;20;
;Автошина БЕЛШИНА 215/60R16 Бел-257;4;
;Автошина БЕЛШИНА 215/60R16 Бел-377;;
;Автошина БЕЛШИНА 215/65R16 Бел-217;4;
КАМА;;;
;Автошина КАМА 185/60R14 Кама Евро 519 шип;1;
;Автошина КАМА 185/65R14 Кама Евро 519 шип;1;
;Автошина КАМА 185/70R14 Кама Евро 519 шип;2;
;Автошина КАМА 195/55R15 Кама Евро 519 шип;12;
;Автошина КАМА 195/60R15 Кама Евро 519 шип;6;
;Автошина КАМА 195/65R15 Кама-505 IRBIS шип;8;
